,player,pos,age,tm,g,gs,mp,fg,fga,fg%,3p,3pa,3p%,2p,2pa,2p%,efg%,ft,fta,ft%,orb,drb,trb,ast,stl,blk,tov,pf,pts,uuid
0,Precious Achiuwa,PF,21,MIA,61,4,737,124,228,.544,0,1,.000,124,227,.546,.544,56,110,.509,73,135,208,29,20,28,43,91,304,278abde6-6a4e-429d-b90c-1a0bfd422b38
1,Jaylen Adams,PG,24,MIL,7,0,18,1,8,.125,0,2,.000,1,6,.167,.125,0,0,0,0,3,3,2,0,0,0,1,2,6f849ee5-7faf-4f15-a460-abea1f5ec1b5
2,Steven Adams,C,27,NOP,58,58,1605,189,308,.614,0,3,.000,189,305,.620,.614,60,135,.444,213,301,514,111,54,38,78,113,438,02815787-f72f-4342-874d-4a5588d6e030
3,Bam Adebayo,C,23,MIA,64,64,2143,456,800,.570,2,8,.250,454,792,.573,.571,283,354,.799,142,431,573,346,75,66,169,145,1197,a0b335f7-8a52-4164-91c5-0090952103a4
4,LaMarcus Aldridge,C,35,TOT,26,23,674,140,296,.473,31,80,.388,109,216,.505,.525,41,47,.872,19,99,118,49,11,29,27,47,352,8e44a15c-b4d5-4dfe-bdf7-b86931475b32
5,Ty-Shon Alexander,SG,22,PHO,15,0,47,3,12,.250,2,9,.222,1,3,.333,.333,1,2,.500,2,8,10,6,0,1,3,2,9,d9de8803-e4af-43f4-a092-4e759e972827
6,Nickeil Alexander-Walker,SG,22,NOP,46,13,1007,192,458,.419,76,219,.347,116,239,.485,.502,48,66,.727,13,131,144,102,47,22,69,88,508,e52882fd-5990-4be9-a1a3-8d307f3c3738
7,Grayson Allen,SG,25,MEM,50,38,1259,173,414,.418,107,274,.391,66,140,.471,.547,79,91,.868,19,141,160,108,46,8,48,71,532,2c7b182e-966a-47fe-9214-3b9ff46cb079
8,Jarrett Allen,C,22,TOT,63,45,1864,298,482,.618,6,19,.316,292,463,.631,.624,204,290,.703,196,435,631,106,32,90,100,96,806,78d0d2d1-1bd9-4b52-8189-3d5d00d54b21
9,Al-Farouq Aminu,PF,30,TOT,23,14,434,38,99,.384,8,37,.216,30,62,.484,.424,18,22,.818,22,88,110,31,19,9,28,29,102,19d25609-3918-439a-ad70-056b94fb1549
10,Kyle Anderson,PF,27,MEM,69,69,1887,308,658,.468,94,261,.360,214,397,.539,.540,144,184,.783,52,344,396,250,84,57,86,120,854,1b8a6c65-76b2-4a4f-81c6-efd4c9eba9ea
11,Giannis Antetokounmpo,PF,26,MIL,61,61,2013,626,1100,.569,67,221,.303,559,879,.636,.600,398,581,.685,97,574,671,357,72,73,207,168,1717,0a5638ef-6f1d-4b38-aafe-5364e228598f
12,Kostas Antetokounmpo,PF,23,LAL,15,0,56,3,10,.300,0,0,0,3,10,.300,.300,6,13,.462,4,15,19,1,2,4,11,8,12,7277d514-9f9b-4edf-9123-254fa413a896
13,Thanasis Antetokounmpo,SF,28,MIL,57,3,551,67,137,.489,7,29,.241,60,108,.556,.515,25,49,.510,54,70,124,46,22,10,43,74,166,2b0686eb-4efd-4e42-a01e-a139a3d39cd5
14,Carmelo Anthony,PF,36,POR,69,3,1690,327,777,.421,133,325,.409,194,452,.429,.506,137,154,.890,32,182,214,104,46,38,61,144,924,5aba723b-d598-4f57-ad9d-66759ddbc5bf
15,Cole Anthony,PG,20,ORL,47,34,1273,219,552,.397,58,172,.337,161,380,.424,.449,109,131,.832,38,183,221,192,30,18,106,98,605,62ecb19d-a57a-4c40-94a9-24bfb3027696
16,OG Anunoby,SF,23,TOR,43,43,1433,249,519,.480,104,261,.398,145,258,.562,.580,80,102,.784,54,183,237,94,66,32,75,114,682,d7276ddc-f7bb-4180-a75f-cedc93550af6
17,Ryan Arcidiacono,PG,26,CHI,44,0,450,49,117,.419,25,67,.373,24,50,.480,.526,13,20,.650,5,62,67,56,9,0,10,47,136,aad08c74-9e62-4c7c-af99-e021be79c8cb
18,Trevor Ariza,SF,35,MIA,30,27,841,99,241,.411,50,143,.350,49,98,.500,.515,34,44,.773,27,117,144,55,31,18,21,55,282,b8f4ff28-eb77-4c7e-acda-23a2a01cdad8
19,Deni Avdija,SF,20,WAS,54,32,1257,130,312,.417,53,168,.315,77,144,.535,.502,29,45,.644,22,240,262,63,32,15,33,140,342,a25fe546-343b-422c-9aa2-ddf824c0b59c
20,Deandre Ayton,C,22,PHO,69,69,2115,430,687,.626,4,20,.200,426,667,.639,.629,133,173,.769,228,499,727,99,41,81,103,196,997,bb9ba703-7c68-4c5e-b8c8-9aed418e5a75
21,Udoka Azubuike,C,21,UTA,15,0,57,4,9,.444,0,0,0,4,9,.444,.444,8,10,.800,4,9,13,0,1,4,3,9,16,51af0bae-12a2-4bd6-828a-e933260fdc8e
22,Dwayne Bacon,SG,25,ORL,72,50,1853,292,726,.402,59,207,.285,233,519,.449,.443,145,176,.824,31,193,224,93,45,5,46,103,788,583f228d-f610-446b-9d49-b37924e81d9f
23,LaMelo Ball,PG,19,CHO,51,31,1469,293,672,.436,92,261,.352,201,411,.489,.504,125,165,.758,63,239,302,313,81,18,145,136,803,08651875-5b16-48cc-b33c-93cd356a2b6b
24,Lonzo Ball,PG,23,NOP,55,55,1747,290,700,.414,172,455,.378,118,245,.482,.537,50,64,.781,33,230,263,316,82,31,123,103,802,722ad703-a876-4367-9f56-f387dbc71b0a
25,Mo Bamba,C,22,ORL,46,5,725,142,301,.472,38,118,.322,104,183,.568,.535,45,66,.682,76,189,265,35,14,58,36,87,367,3cc93b9a-2983-4232-adb8-9724a07afd50
26,Desmond Bane,SG,22,MEM,68,17,1519,234,499,.469,117,271,.432,117,228,.513,.586,40,49,.816,31,179,210,118,41,16,59,125,625,f391a45f-39f5-4f7a-88fb-fc66206867f3
27,Harrison Barnes,PF,28,SAC,58,58,2102,319,642,.497,100,256,.391,219,386,.567,.575,195,235,.830,64,321,385,201,43,11,93,75,933,ac7828ed-2e4a-424c-915b-4cad3afa7aac
28,RJ Barrett,SG,20,NYK,72,72,2511,467,1060,.441,124,309,.401,343,751,.457,.499,206,276,.746,68,346,414,217,53,20,139,188,1264,784ad559-f03d-4ee6-b73a-657e2779d485
29,Will Barton,SF,30,DEN,56,52,1736,259,608,.426,98,257,.381,161,351,.459,.507,95,121,.785,39,187,226,181,50,23,96,95,711,2af66bbc-7d26-499f-95c8-bd061b32597a
30,Keita Bates-Diop,SF,25,SAS,30,0,245,30,67,.448,5,17,.294,25,50,.500,.485,14,21,.667,9,40,49,12,11,5,7,11,79,6b2e3af4-8c85-4e5f-8d66-db6c35b915a6
31,Nicolas Batum,SF,32,LAC,67,38,1835,191,412,.464,110,272,.404,81,140,.579,.597,48,58,.828,50,266,316,148,69,37,53,102,540,b81297e1-4063-4e09-aed3-98096249002b
32,Aron Baynes,C,34,TOR,53,31,980,134,304,.441,27,103,.262,107,201,.532,.485,29,41,.707,87,186,273,47,17,23,46,119,324,df83f242-4567-410e-a094-8a682b74ca67
33,Kent Bazemore,SF,31,GSW,67,18,1333,176,392,.449,75,184,.408,101,208,.486,.545,54,78,.692,26,203,229,108,69,33,82,158,481,a477bf1f-f40f-4ffd-9878-5e9a0be452b8
34,Darius Bazley,PF,20,OKC,55,55,1714,273,690,.396,83,286,.290,190,404,.470,.456,125,178,.702,51,345,396,99,29,25,122,60,754,29746044-96a4-4421-9a45-afac65b69a2d
35,Bradley Beal,SG,27,WAS,60,60,2147,670,1382,.485,130,373,.349,540,1009,.535,.532,408,459,.889,72,211,283,265,69,22,187,140,1878,23b2b486-c651-404a-9eba-640ab1594a83
36,Malik Beasley,SG,24,MIN,37,36,1214,264,600,.440,128,321,.399,136,279,.487,.547,68,80,.850,28,134,162,88,30,7,60,62,724,3473d80c-586e-4ede-bdb2-e325da469f92
37,Jordan Bell,C,26,TOT,6,1,82,7,22,.318,0,2,.000,7,20,.350,.318,1,2,.500,7,17,24,7,3,5,4,7,15,422b346a-cc4f-446a-bc6d-9d610e65038c
38,Patrick Beverley,PG,32,LAC,37,34,832,93,220,.423,56,141,.397,37,79,.468,.550,36,45,.800,29,90,119,76,29,28,34,108,278,8ac11084-3f75-4f6a-ab65-12b7bcc95cc6
39,Saddiq Bey,SF,21,DET,70,53,1909,279,691,.404,175,460,.380,104,231,.450,.530,124,147,.844,43,275,318,95,52,14,60,110,857,7f4ca5ca-5c88-4289-b0d6-844079f6b455
40,Tyler Bey,SF,22,DAL,18,0,71,7,22,.318,1,4,.250,6,18,.333,.341,3,5,.600,8,11,19,3,0,1,3,6,18,0369c675-7426-49da-8132-1d9d9904b28e
41,Khem Birch,C,28,TOT,67,22,1529,189,380,.497,13,52,.250,176,328,.537,.514,91,129,.705,174,213,387,89,48,50,44,113,482,635ca302-a9e5-46ff-8fd0-7eae016af4d8
42,Goga Bitadze,C,21,IND,45,3,561,83,194,.428,20,79,.253,63,115,.548,.479,45,61,.738,60,90,150,37,9,60,17,94,231,f452be69-5dd8-4b86-a763-d664ed946e8d
43,Bismack Biyombo,C,28,CHO,66,36,1349,142,242,.587,0,1,.000,142,241,.589,.587,47,105,.448,137,210,347,81,17,74,71,141,331,4817346e-640e-47da-a934-81a031b85e94
44,Nemanja Bjelica,PF,32,TOT,37,3,595,89,196,.454,27,85,.318,62,111,.559,.523,37,51,.725,29,98,127,69,15,5,33,68,242,09b700f7-a33c-402e-a635-b1c45b1ae43e
45,Eric Bledsoe,SG,31,NOP,71,70,2111,307,730,.421,121,355,.341,186,375,.496,.503,134,195,.687,29,215,244,268,55,24,114,112,869,b2828eae-b187-41af-a5a3-bd57bd65e462
46,Keljin Blevins,SF,25,POR,17,0,75,5,20,.250,2,8,.250,3,12,.250,.300,0,0,0,3,7,10,4,2,0,5,8,12,679a88a3-bfd0-4832-8f92-36585caf0e96
47,Bol Bol,PF,21,DEN,32,2,160,25,58,.431,9,24,.375,16,34,.471,.509,10,15,.667,0,24,24,7,3,10,13,14,69,644d0071-54db-4be4-86ca-d4821d55bd2a
48,Marques Bolden,C,22,CLE,6,0,29,1,3,.333,0,0,0,1,3,.333,.333,5,8,.625,3,3,6,0,2,2,2,0,7,8ad6cd7a-494b-48c2-b829-4a48cca6d1f0
49,Jordan Bone,PG,23,ORL,14,0,196,23,54,.426,10,32,.313,13,22,.591,.519,0,0,0,4,20,24,18,2,0,3,11,56,4e19ff8b-e35f-45fa-89fb-3dd211c4e0fa
50,Isaac Bonga,SF,21,WAS,40,8,432,30,81,.370,13,47,.277,17,34,.500,.451,5,8,.625,18,48,66,23,11,9,22,63,78,d7aea12d-c7f7-4dc2-af4a-6083f36d73b2
51,Devin Booker,SG,24,PHO,67,67,2270,623,1287,.484,126,371,.340,497,916,.543,.533,340,392,.867,34,247,281,289,53,16,207,181,1712,a43ff5e7-6201-4ea9-898e-89ebf2f2dbb5
52,Chris Boucher,C,28,TOR,60,14,1453,288,560,.514,90,235,.383,198,325,.609,.595,152,193,.788,117,287,404,63,35,111,46,166,818,4746f03b-d2ed-41e6-95e8-acb804ba2c02
53,Brian Bowen,SF,22,IND,6,0,15,1,4,.250,0,1,.000,1,3,.333,.250,1,1,1.000,0,3,3,0,0,0,0,1,3,8535b346-ae8e-4147-85ae-0410ddabd97f
54,Avery Bradley,SG,30,TOT,27,6,602,64,171,.374,33,101,.327,31,70,.443,.471,12,15,.800,8,49,57,46,21,3,28,55,173,ee7f61e9-4194-4c16-a34c-c0b87063ebe2
55,Tony Bradley,C,23,TOT,42,8,684,131,197,.665,0,3,.000,131,194,.675,.665,38,55,.691,85,154,239,37,15,30,33,61,300,fdf32ae0-81b6-417e-a3be-f955fe761711
56,Jarrell Brantley,PF,24,UTA,28,0,138,25,52,.481,12,28,.429,13,24,.542,.596,2,2,1.000,9,18,27,15,7,2,8,17,64,3069a8e0-42a9-4dfe-9322-1ebaa59540ab
57,Ignas Brazdeikis,SF,22,TOT,13,0,249,35,83,.422,11,28,.393,24,55,.436,.488,10,14,.714,11,34,45,17,4,3,12,22,91,8f0899f8-66ce-47de-98c2-ab8c57c6da92
58,Mikal Bridges,SF,24,PHO,72,72,2348,363,669,.543,134,315,.425,229,354,.647,.643,110,131,.840,76,233,309,152,76,63,57,116,970,98a34408-186a-4f9a-a440-399d04ade99a
59,Miles Bridges,PF,22,CHO,66,19,1932,313,622,.503,116,290,.400,197,332,.593,.596,98,113,.867,81,316,397,147,44,52,106,143,840,12b4176b-2a56-4e27-bc2a-e6a5e0632791
60,Amida Brimah,C,26,IND,5,0,29,5,8,.625,0,0,0,5,8,.625,.625,3,3,1.000,2,6,8,1,0,5,4,4,13,020a5ea4-47b4-4c1b-8a38-f413a53e033a
61,Oshae Brissett,SF,22,IND,21,16,519,73,151,.483,33,78,.423,40,73,.548,.593,50,65,.769,29,86,115,18,19,20,10,32,229,f5af312c-7176-4187-91c8-a4a390413000
62,Malcolm Brogdon,PG,28,IND,56,56,1930,444,980,.453,145,374,.388,299,606,.493,.527,153,177,.864,58,236,294,329,49,15,115,110,1186,19e53d45-4a3d-4159-8d20-6d2a3f31f57c
63,Armoni Brooks,SG,22,HOU,20,5,520,78,192,.406,60,157,.382,18,35,.514,.563,7,12,.583,10,58,68,30,12,5,22,34,223,bb63a41c-1c5e-4cac-b1b7-4cdd7957fb1a
64,Dillon Brooks,SF,25,MEM,67,67,1997,432,1031,.419,128,372,.344,304,659,.461,.481,159,195,.815,53,143,196,157,78,26,119,237,1151,dc092909-05b4-4bc2-b45f-55f3899822b2
65,Bruce Brown,PG,24,BRK,65,37,1451,235,423,.556,17,59,.288,218,364,.599,.576,86,117,.735,111,238,349,104,58,28,54,145,573,3ed39f2c-6b72-4e65-8b18-5e2b32883c13
66,Jaylen Brown,SG,24,BOS,58,58,1999,538,1111,.484,163,411,.397,375,700,.536,.558,191,250,.764,71,276,347,195,72,32,158,168,1430,4f0761b5-23e8-4d93-8c99-309890de051c
67,Moses Brown,C,21,OKC,43,32,920,146,268,.545,0,0,0,146,268,.545,.545,78,126,.619,154,229,383,10,31,47,43,93,370,bcff1271-f6c7-43d2-9fef-81c2f1d09521
68,Sterling Brown,SG,25,HOU,51,14,1229,150,335,.448,91,215,.423,59,120,.492,.584,25,31,.806,38,186,224,72,38,12,41,97,416,a5b7b995-44b7-4136-b0fb-cd7fe70efd5b
69,Jalen Brunson,PG,24,DAL,68,12,1697,328,627,.523,81,200,.405,247,427,.578,.588,120,151,.795,27,204,231,239,35,1,80,109,857,430afc2d-8ffa-4381-89bf-1b9b311e89f8
70,Elijah Bryant,SG,25,MIL,1,0,32,6,13,.462,1,5,.200,5,8,.625,.500,3,3,1.000,2,4,6,3,0,1,4,4,16,eb495a01-1390-47f7-a043-8ebb5a8f3870
71,Thomas Bryant,C,23,WAS,10,10,271,59,91,.648,9,21,.429,50,70,.714,.698,16,24,.667,18,43,61,15,4,8,11,31,143,54050de9-5c14-4342-854a-68009fb9c98e
72,Reggie Bullock,SF,29,NYK,65,64,1949,248,561,.442,163,398,.410,85,163,.521,.587,50,55,.909,16,207,223,99,52,11,45,146,709,c5bddf5d-8529-4bfa-841b-aef184c7ef16
73,Trey Burke,PG,28,DAL,62,1,911,151,353,.428,58,164,.354,93,189,.492,.510,51,57,.895,10,44,54,81,36,7,33,64,411,b6abe1b0-f4d3-4376-acb1-0a7de495ed8e
74,Alec Burks,SG,29,NYK,49,5,1255,210,500,.420,102,246,.415,108,254,.425,.522,101,118,.856,21,206,227,107,31,14,49,102,623,3e67fd39-1842-4278-90b8-4a81237af8a5
75,Jimmy Butler,SF,31,MIA,52,52,1745,366,736,.497,25,102,.245,341,634,.538,.514,359,416,.863,94,265,359,369,108,18,109,71,1116,5cbc01e2-a4cf-428d-9696-0be12d360f30
76,Bruno Caboclo,PF,25,HOU,6,0,36,8,17,.471,0,5,.000,8,12,.667,.471,1,2,.500,3,11,14,1,0,2,4,6,17,25d61265-4bab-4fc3-bce1-6438cdfc53fc
77,Devontae Cacok,PF,24,LAL,20,1,98,17,29,.586,0,0,0,17,29,.586,.586,5,11,.455,12,20,32,1,5,4,5,8,39,b63758c4-f834-4fe4-b067-e043bc00edf3
78,Kentavious Caldwell-Pope,SG,27,LAL,67,67,1902,218,506,.431,120,293,.410,98,213,.460,.549,97,112,.866,27,152,179,127,62,26,66,114,653,fbac7bb6-5bd6-4cf9-a808-429a65b45ccb
79,Facundo Campazzo,PG,29,DEN,65,19,1425,120,315,.381,76,216,.352,44,99,.444,.502,80,91,.879,22,112,134,232,79,14,73,132,396,6d1324f4-3cc0-4c1b-a7db-40ef11e57a4d
80,Devin Cannady,PG,24,ORL,8,0,74,11,28,.393,6,16,.375,5,12,.417,.500,6,7,.857,0,5,5,1,5,1,2,9,34,08d2fd2a-2050-4ddb-85fd-516532c47c97
81,Clint Capela,C,26,ATL,63,63,1898,413,695,.594,0,0,0,413,695,.594,.594,130,227,.573,297,606,903,49,44,129,73,145,956,e1f14035-2120-4278-8d5f-1dc96e50ded4
82,Jevon Carter,PG,25,PHO,60,1,717,94,223,.422,56,151,.371,38,72,.528,.547,4,7,.571,16,76,92,71,29,9,16,56,248,04402fb6-6309-42d6-8f7f-a6cac93f332d
83,Michael Carter-Williams,SG,29,ORL,31,25,800,105,270,.389,15,61,.246,90,209,.431,.417,49,80,.613,39,100,139,129,25,17,69,81,274,9420ced9-6af0-46bc-9a94-5b8e8f28c1b7
84,Alex Caruso,PG,26,LAL,58,6,1216,133,305,.436,55,137,.401,78,168,.464,.526,49,76,.645,31,139,170,160,64,15,76,108,370,2a41a41a-8b58-41cd-8f2b-5a97e1a824b7
85,Willie Cauley-Stein,C,27,DAL,53,16,906,115,182,.632,1,11,.091,114,171,.667,.635,49,78,.628,66,170,236,35,21,43,29,129,280,5fbe58d0-9e99-4d01-b5a2-f9d28c563987
86,Chris Chiozza,PG,25,BRK,22,1,232,31,88,.352,13,42,.310,18,46,.391,.426,13,17,.765,3,21,24,65,7,6,16,19,88,84627dd5-b76a-4f01-b7d9-aea9d3370bf9
87,Marquese Chriss,PF,23,GSW,2,0,27,5,14,.357,1,5,.200,4,9,.444,.393,2,4,.500,3,10,13,2,0,2,2,3,13,83280217-449e-4c19-a768-1ed3c5e41325
88,Gary Clark,SF-PF,26,TOT,39,11,654,40,132,.303,31,108,.287,9,24,.375,.420,8,10,.800,33,82,115,31,13,7,17,35,119,e771913b-1d28-41e3-8cd6-418d1426206d
89,Brandon Clarke,PF,24,MEM,59,16,1415,256,495,.517,20,77,.260,236,418,.565,.537,78,113,.690,97,231,328,95,60,51,33,84,610,08eef196-2ebc-47f5-978e-18863c142421
90,Jordan Clarkson,SG,28,UTA,68,1,1818,457,1075,.425,208,599,.347,249,476,.523,.522,129,144,.896,47,227,274,168,61,10,115,110,1251,7ed7efa4-ab55-4027-becc-297aa1179256
91,Amir Coffey,SG,23,LAC,44,1,394,45,103,.437,23,56,.411,22,47,.468,.549,27,38,.711,10,34,44,22,10,0,15,30,140,22f37d9f-2751-4433-a50b-eb170eb12008
92,John Collins,PF,23,ATL,63,63,1848,429,771,.556,83,208,.399,346,563,.615,.610,170,204,.833,118,349,467,78,34,63,84,193,1111,dd4fcb91-6d8d-465c-ab87-a5281131cf30
93,Mike Conley,PG,33,UTA,51,51,1498,284,640,.444,138,335,.412,146,305,.479,.552,121,142,.852,36,141,177,305,70,9,99,98,827,ebc02828-465d-4985-90df-4facae97337a
94,Pat Connaughton,SG,28,MIL,69,4,1575,168,387,.434,101,272,.371,67,115,.583,.565,31,40,.775,63,269,332,81,49,23,33,99,468,1350fd00-96d5-45e1-bf23-aecadbe8dcd6
95,Quinn Cook,PG,27,TOT,23,0,157,29,68,.426,11,26,.423,18,42,.429,.507,7,8,.875,2,15,17,18,4,1,7,10,76,ea597b5a-cf3a-440c-bf13-076a83504ca9
96,Tyler Cook,SF-PF,23,TOT,32,1,438,69,103,.670,1,2,.500,68,101,.673,.675,17,35,.486,28,67,95,17,8,2,21,35,156,3f284584-ff43-4732-a25c-68b5d2f92007
97,DeMarcus Cousins,C,30,TOT,41,11,713,130,305,.426,47,135,.348,83,170,.488,.503,59,81,.728,53,210,263,76,34,24,64,107,366,3ed22173-6b91-4189-a1df-56d82e1dd0f7
98,Robert Covington,PF,30,POR,70,70,2243,204,509,.401,135,356,.379,69,153,.451,.533,50,62,.806,61,405,466,117,101,84,64,195,593,ae2da12d-91f2-4646-8606-6a5a720c31b2
99,Torrey Craig,SF,30,TOT,50,8,803,109,227,.480,39,106,.368,70,121,.579,.566,17,22,.773,57,140,197,49,28,26,25,83,274,7aff8d0e-fcbd-4993-a245-2105b24361f8
100,Jae Crowder,PF,30,PHO,60,42,1648,199,492,.404,148,380,.389,51,112,.455,.555,57,75,.760,32,250,282,127,48,27,55,125,603,72819411-d2a6-4e6c-ac94-0d66fb8bede5
101,Jarrett Culver,SG,21,MIN,34,7,499,69,168,.411,13,53,.245,56,115,.487,.449,29,48,.604,34,70,104,24,17,9,28,58,180,570cb2ae-f522-4ac3-987c-05b6b530937a
102,Seth Curry,SG,30,PHI,57,57,1638,258,552,.467,126,280,.450,132,272,.485,.582,69,77,.896,10,126,136,155,44,8,65,96,711,a2330496-0de0-4b72-a052-014264b5cd8f
103,Stephen Curry,PG,32,GSW,63,63,2152,658,1365,.482,337,801,.421,321,564,.569,.605,362,395,.916,29,316,345,363,77,8,213,119,2015,9c7a1a07-4978-474c-b472-3cb227f9e4cf
104,Nate Darling,SG,22,CHO,7,0,26,2,7,.286,2,7,.286,0,0,0,.429,3,3,1.000,1,0,1,1,0,1,1,1,9,9956bb48-5c5f-4716-ad30-b4f541432ac3
105,Anthony Davis,PF,27,LAL,36,36,1162,301,613,.491,26,100,.260,275,513,.536,.512,158,214,.738,62,224,286,110,45,59,74,60,786,9ea8ac65-27b8-4853-a067-93d8f0356f5c
106,Ed Davis,C,31,MIN,23,7,299,19,44,.432,0,0,0,19,44,.432,.432,10,12,.833,46,69,115,21,13,13,7,56,48,bf153be4-58db-44ae-8c5f-8dab021119c7
107,Terence Davis,SG,23,TOT,61,4,1074,195,456,.428,98,267,.367,97,189,.513,.535,45,55,.818,20,134,154,83,44,14,63,97,533,5819d13e-3339-4e3e-8c7c-9f03f52cd100
108,Gabriel Deck,PF,25,OKC,10,0,212,32,67,.478,2,15,.133,30,52,.577,.493,18,22,.818,16,24,40,24,8,0,6,9,84,2955a044-6587-4de7-8611-86a930206e91
109,Dewayne Dedmon,C,31,MIA,16,0,210,46,65,.708,1,5,.200,45,60,.750,.715,20,27,.741,28,58,86,12,9,6,13,36,113,dc33c40b-5fdb-494c-9569-cf0f56fd3cb5
110,Matthew Dellavedova,PG,30,CLE,13,1,224,14,56,.250,4,25,.160,10,31,.323,.286,4,4,1.000,6,18,24,58,4,1,6,21,36,d46e70d6-de8b-4952-a888-9c1542ffa236
111,DeMar DeRozan,PF,31,SAS,61,61,2056,455,920,.495,19,74,.257,436,846,.515,.505,387,440,.880,40,219,259,422,56,15,119,128,1316,141a79e7-f673-4236-8db0-52be30402aaf
112,Mamadi Diakite,PF,24,MIL,14,1,141,16,40,.400,1,8,.125,15,32,.469,.413,11,14,.786,8,26,34,8,7,6,3,16,44,4ac8f5e4-d8c1-4c5d-adfe-6879d41239cc
113,Hamidou Diallo,SG-SF,22,TOT,52,9,1226,224,470,.477,28,82,.341,196,388,.505,.506,128,200,.640,59,213,272,101,41,24,76,134,604,b9cf0f01-9f50-4a3c-ac6b-10e9383531ed
114,Gorgui Dieng,C,31,TOT,38,1,552,85,163,.521,30,70,.429,55,93,.591,.613,58,67,.866,40,100,140,48,26,16,32,56,258,3700cf74-e27b-42d1-aa5d-070142bf5c06
115,Spencer Dinwiddie,SG,27,BRK,3,3,64,6,16,.375,2,7,.286,4,9,.444,.438,6,6,1.000,0,13,13,9,2,1,5,4,20,4ec7d53b-390f-4f2e-a161-d88f044bbc2d
116,Donte DiVincenzo,SG,24,MIL,66,66,1814,253,603,.420,131,346,.379,122,257,.475,.528,51,71,.718,81,299,380,203,72,15,91,112,688,80820928-7f33-4bee-8493-0df6b077e6b8
117,Luguentz Dort,SG,21,OKC,52,52,1543,247,639,.387,113,329,.343,134,310,.432,.475,122,164,.744,38,151,189,88,45,19,79,134,729,84ef4676-9816-4e4f-8b70-c430f973aed6
118,Damyean Dotson,SG,26,CLE,46,7,907,119,293,.406,46,159,.289,73,134,.545,.485,24,36,.667,5,88,93,91,16,4,42,42,308,dcea9082-b16d-485e-a68f-bae0d9c41a69
119,Devon Dotson,PG,21,CHI,11,0,50,11,21,.524,1,7,.143,10,14,.714,.548,0,0,0,2,3,5,7,4,0,0,3,23,150c9f77-f771-4955-89c2-dd8826797bad
120,Sekou Doumbouya,PF,20,DET,56,11,869,107,282,.379,26,115,.226,81,167,.485,.426,45,64,.703,39,104,143,47,24,9,44,94,285,843b2f4a-c7a3-4cd3-94e4-7db349864340
121,PJ Dozier,SG,24,DEN,50,6,1088,148,355,.417,47,149,.315,101,206,.490,.483,42,66,.636,35,147,182,92,31,22,46,86,385,229e5dd4-587a-4089-b339-580d61274e8c
122,Andre Drummond,C,27,TOT,46,46,1242,282,572,.493,0,8,.000,282,564,.500,.493,123,205,.600,166,385,551,94,63,49,124,149,687,f1682f40-3b97-4898-ae82-f77ba1f84c06
123,Jared Dudley,PF,35,LAL,12,0,81,2,9,.222,2,6,.333,0,3,.000,.333,0,0,0,4,17,21,5,1,1,2,7,6,f28ab262-881f-4675-8200-d5e15f93195e
124,Kris Dunn,PG,26,ATL,4,0,45,1,12,.083,0,2,.000,1,10,.100,.083,3,4,.750,0,6,6,2,2,2,3,10,5,521ba09f-3fce-47bb-900f-2c3ed331ffe6
125,Kevin Durant,PF,32,BRK,35,32,1157,324,603,.537,85,189,.450,239,414,.577,.608,210,238,.882,13,234,247,195,25,45,120,70,943,5dde60a0-ddd0-444a-a30d-af49c13df613
126,Anthony Edwards,SG,19,MIN,72,55,2314,505,1211,.417,171,520,.329,334,691,.483,.488,211,272,.776,59,277,336,211,82,36,160,129,1392,da9936b6-20ef-4e05-8d67-d3e825ef725e
127,Carsen Edwards,SG,22,BOS,31,1,276,47,111,.423,18,63,.286,29,48,.604,.505,11,13,.846,3,23,26,14,7,1,7,25,123,3c5d77a1-cd47-403d-963f-621579ebd947
128,CJ Elleby,SF,20,POR,30,0,192,25,66,.379,7,34,.206,18,32,.563,.432,11,15,.733,11,21,32,10,6,3,5,27,68,f278c2ff-5935-452f-80c1-ed260f5b2464
129,Henry Ellenson,PF,24,TOR,2,0,38,5,14,.357,2,9,.222,3,5,.600,.429,3,4,.750,3,9,12,5,0,0,0,7,15,6807eaa7-b4b8-42fb-8a09-d8e5932d9fa4
130,Wayne Ellington,SG,33,DET,46,31,1012,149,338,.441,116,275,.422,33,63,.524,.612,28,35,.800,12,73,85,67,18,9,33,59,442,6f7f81f9-6dea-4e90-a93d-f92089f0b816
131,Joel Embiid,C,26,PHI,51,51,1585,461,899,.513,58,154,.377,403,745,.541,.545,471,548,.859,113,426,539,145,50,69,159,123,1451,395642df-8c55-4112-b850-4be318896e9e
132,Drew Eubanks,C,23,SAS,54,3,755,116,205,.566,2,2,1.000,114,203,.562,.571,77,106,.726,74,167,241,42,18,49,45,88,311,831b18d9-ba8e-45b5-a75b-87fe39acb38a
133,Dante Exum,SG,25,CLE,6,3,116,10,26,.385,2,11,.182,8,15,.533,.423,1,2,.500,2,15,17,13,4,2,7,9,23,ceae8c34-b5de-4435-9e44-78ca4c103ce3
134,Tacko Fall,C,25,BOS,19,0,136,21,29,.724,0,0,0,21,29,.724,.724,5,15,.333,16,36,52,3,1,20,6,22,47,eb1a24b7-3741-4fec-b29e-9c5ae03cdc06
135,Derrick Favors,C,29,UTA,68,0,1039,155,243,.638,0,2,.000,155,241,.643,.638,59,80,.738,138,238,376,44,32,68,36,143,369,6a608b39-e6dd-4cff-a502-09bc2acdbaa4
136,Terrance Ferguson,SG,22,PHI,13,0,49,1,7,.143,0,5,.000,1,2,.500,.143,0,0,0,0,1,1,2,1,0,4,7,2,48a5191e-fba7-4031-9dee-5dc0da11d19b
137,Bruno Fernando,C,22,ATL,33,0,226,18,44,.409,0,2,.000,18,42,.429,.409,15,22,.682,16,62,78,10,4,3,21,23,51,7b2e184a-2652-453f-bb42-36170266e7e6
138,Yogi Ferrell,PG,27,TOT,10,0,136,20,57,.351,9,28,.321,11,29,.379,.430,7,9,.778,5,14,19,22,7,3,3,11,56,dc3dd951-8480-4fbc-abb3-edeb1605a028
139,Dorian Finney-Smith,PF,27,DAL,60,60,1921,220,466,.472,119,302,.394,101,164,.616,.600,31,41,.756,98,228,326,102,52,25,48,138,590,3c2704b2-ff01-442d-9339-0dddc38f88a4
140,Malik Fitts,PF,23,LAC,3,0,11,1,3,.333,1,2,.500,0,1,.000,.500,0,0,0,0,3,3,0,0,0,0,3,3,6be4cde0-d20d-41a6-bca7-86260db41567
141,Malachi Flynn,PG,22,TOR,47,14,928,127,340,.374,54,168,.321,73,172,.424,.453,45,56,.804,10,106,116,137,38,7,43,68,353,81496b80-6657-4bbf-9c64-879fee9f3fd7
142,Bryn Forbes,SG,27,MIL,70,10,1354,250,529,.473,154,341,.452,96,188,.511,.618,47,61,.770,11,101,112,45,24,1,44,77,701,af24f94c-be43-4c9e-85e2-a4c271ae0f72
143,Trent Forrest,PG,22,UTA,30,0,302,32,71,.451,5,26,.192,27,45,.600,.486,19,19,1.000,11,33,44,45,9,4,21,22,88,6d232a1f-318f-4507-a86d-45d14a1dde69
144,Evan Fournier,SF-SG,28,TOT,42,36,1259,247,541,.457,117,283,.413,130,258,.504,.565,108,137,.788,10,118,128,144,47,19,73,96,719,bf58dd5d-8f02-417e-a98c-d953133f56e2
145,De'Aaron Fox,PG,23,SAC,58,58,2036,529,1110,.477,103,320,.322,426,790,.539,.523,300,417,.719,33,170,203,417,87,27,174,170,1461,3597c816-649c-48ba-af53-e133b3e4af26
146,Tim Frazier,PG,30,MEM,5,0,62,3,20,.150,0,8,.000,3,12,.250,.150,2,6,.333,0,8,8,16,2,1,4,7,8,47b16de7-c4bd-44b9-9608-df5f57d4ad23
147,Markelle Fultz,PG,22,ORL,8,8,215,41,104,.394,4,16,.250,37,88,.420,.413,17,19,.895,5,20,25,43,8,2,18,18,103,76378bd2-55a0-4080-92a1-67457db8215b
148,Wenyen Gabriel,PF,23,NOP,21,0,241,24,60,.400,13,32,.406,11,28,.393,.508,11,17,.647,20,34,54,11,9,8,15,32,72,e28143f0-8160-4899-9098-4692d42291d1
149,Daniel Gafford,PF-C,22,TOT,54,11,791,154,225,.684,0,0,0,154,225,.684,.684,72,108,.667,94,137,231,29,26,75,41,98,380,984f68da-05a2-4cce-9e32-0889d7b23311
150,Danilo Gallinari,PF,32,ATL,51,4,1222,206,475,.434,103,254,.406,103,221,.466,.542,161,174,.925,17,194,211,76,30,10,43,105,676,52ec22d7-31a7-468e-ab3e-c75564694586
151,Langston Galloway,SG,29,PHO,40,0,438,66,147,.449,36,85,.424,30,62,.484,.571,22,23,.957,7,35,42,26,8,0,13,25,190,8bbcf6fb-4484-472f-b4f2-e2650c9b371d
152,Darius Garland,PG,21,CLE,54,50,1790,362,802,.451,105,266,.395,257,536,.479,.517,112,132,.848,23,106,129,329,66,6,164,110,941,2620279e-9749-4432-a636-1dbae05dcd59
153,Marc Gasol,C,36,LAL,52,42,993,88,194,.454,50,122,.410,38,72,.528,.582,36,50,.720,38,177,215,109,26,58,53,115,262,a6f2bdf8-dbe1-46e9-a94a-c2a2d7580b3b
154,Rudy Gay,PF,34,SAS,63,1,1358,264,628,.420,106,278,.381,158,350,.451,.505,82,102,.804,42,261,303,88,45,40,65,115,716,16f0c304-f1dd-4a63-8977-190fa223be8a
155,Paul George,SF,30,LAC,54,54,1821,445,953,.467,171,416,.411,274,537,.510,.557,198,228,.868,45,314,359,280,62,24,179,132,1259,b39db48f-c114-4524-993d-2be28eda83a9
156,Taj Gibson,C,35,NYK,45,3,936,99,158,.627,3,15,.200,96,143,.671,.636,40,55,.727,99,151,250,36,31,49,22,99,241,1909dc5a-5696-44cc-a4c7-920b33739e98
157,Harry Giles,C,22,POR,38,0,348,42,97,.433,8,23,.348,34,74,.459,.474,16,27,.593,31,102,133,29,8,13,20,54,108,e88facb7-9f85-43b7-b4dd-cabf66c41053
158,Shai Gilgeous-Alexander,SG,22,OKC,35,35,1180,287,565,.508,71,170,.418,216,395,.547,.571,185,229,.808,19,147,166,207,27,23,106,70,830,72426fe2-8c6d-416c-a679-0f7601c9d5db
159,Anthony Gill,PF,28,WAS,26,4,218,30,60,.500,7,24,.292,23,36,.639,.558,13,16,.813,16,35,51,11,10,4,8,27,80,386b188d-806c-4891-a59b-2e56bc16e1fc
160,Freddie Gillespie,PF,23,TOR,20,2,392,44,84,.524,0,0,0,44,84,.524,.524,23,33,.697,42,55,97,9,13,20,12,43,111,7b1b91bd-3d75-4a20-9872-71d4fe1e81d0
161,Rudy Gobert,C,28,UTA,71,71,2187,391,579,.675,0,4,.000,391,575,.680,.675,233,374,.623,240,720,960,89,40,190,118,163,1015,8acbad0f-aa60-41d7-bc2f-1e9e011d8993
162,Brandon Goodwin,PG,25,ATL,47,5,620,84,223,.377,32,103,.311,52,120,.433,.448,28,43,.651,8,61,69,95,17,0,36,41,228,a6038e3e-9661-48c8-9aea-9389834e02f5
163,Aaron Gordon,PF,25,TOT,50,50,1384,231,499,.463,59,176,.335,172,323,.533,.522,97,149,.651,77,207,284,161,33,34,97,89,618,2b6d6c01-a3c9-41a5-9a36-2a142667d980
164,Eric Gordon,SG,32,HOU,27,13,789,159,367,.433,69,210,.329,90,157,.573,.527,94,114,.825,8,50,58,71,14,13,51,44,481,fee0cbdd-724d-46c7-9f77-ba9c21057ad0
165,Jerami Grant,SF,26,DET,54,54,1829,400,932,.429,115,329,.350,285,603,.473,.491,290,343,.845,35,215,250,152,35,58,109,125,1205,82993cd3-e5eb-42d2-8775-82df0d110996
166,Danny Green,SF,33,PHI,69,69,1934,224,544,.412,175,432,.405,49,112,.438,.573,31,40,.775,55,205,260,118,92,56,67,125,654,bd88d7f7-4a74-408f-820c-ea299f764b71
167,Draymond Green,PF,30,GSW,63,63,1982,170,380,.447,34,126,.270,136,254,.535,.492,70,88,.795,55,394,449,558,105,52,188,194,444,c11cfa25-fa01-4b4b-8338-40cee9f624df
168,JaMychal Green,PF,30,DEN,58,5,1120,173,374,.463,79,198,.399,94,176,.534,.568,46,57,.807,85,192,277,53,26,22,53,144,471,f75adf79-3342-4848-8d6f-dfb7bf8ffc29
169,Javonte Green,SF-SG,27,TOT,41,2,473,53,102,.520,10,30,.333,43,72,.597,.569,30,40,.750,26,45,71,17,28,6,19,45,146,ceebc895-fd63-4415-8f0d-416be4918793
170,Jeff Green,PF,34,BRK,68,38,1835,261,530,.492,103,250,.412,158,280,.564,.590,125,161,.776,34,229,263,108,36,27,54,122,750,7b8c3764-3a93-4a68-8e2f-2c6da5cce083
171,Josh Green,SG,20,DAL,39,5,445,42,93,.452,4,25,.160,38,68,.559,.473,13,23,.565,28,50,78,28,16,3,17,35,101,1f622032-7f0d-4df0-b2c9-8868736e1349
172,Blake Griffin,PF,31,TOT,46,30,1186,174,411,.423,70,205,.341,104,206,.505,.509,87,117,.744,35,190,225,140,32,15,62,111,505,edd4e1e6-bc07-48a0-92f1-b2de2297789a
173,Kyle Guy,PG,23,SAC,31,0,235,29,88,.330,13,46,.283,16,42,.381,.403,16,20,.800,5,30,35,32,6,0,11,20,87,dd1bc1ad-769f-4fea-aa88-3d8fc42edbb8
174,Rui Hachimura,PF,22,WAS,57,57,1797,310,648,.478,45,137,.328,265,511,.519,.513,124,161,.770,49,263,312,82,44,7,68,120,789,6ad03e93-df30-4c27-b330-58d497269a3e
175,Ashton Hagans,PG,21,MIN,2,0,4,0,0,0,0,0,0,0,0,0,0,0,0,0,0,0,0,0,0,0,1,0,0,c95c4e77-ba7c-4aab-80bc-b855c1ca21c7
176,Tyrese Haliburton,PG,20,SAC,58,20,1746,292,619,.472,121,296,.409,171,323,.529,.569,48,56,.857,39,134,173,309,77,28,92,83,753,a5385b63-5aad-4d3e-a74d-112e6795bb29
177,Donta Hall,PF,23,ORL,13,0,179,25,35,.714,0,0,0,25,35,.714,.714,23,34,.676,24,38,62,11,5,10,8,18,73,53b1defc-f0bf-4aac-8941-f52f6b6b8a0c
178,Josh Hall,SF,20,OKC,21,1,336,30,99,.303,4,37,.108,26,62,.419,.323,22,44,.500,6,53,59,28,4,1,25,37,86,ddeeb6e3-6419-49f8-ba9b-e017a1aaccfa
179,James Harden,PG,31,TOT,44,43,1609,342,734,.466,121,334,.362,221,400,.553,.548,278,323,.861,35,313,348,475,53,33,177,99,1083,5a4ef6ab-300d-469b-b1b5-a2aa94d3df73
180,Jared Harper,PG,23,NYK,8,0,16,0,4,.000,0,1,.000,0,3,.000,.000,3,4,.750,0,2,2,1,0,0,3,1,3,b0a8f162-7a9e-446d-ba09-e48c34dac098
181,Montrezl Harrell,C,27,LAL,69,1,1580,375,603,.622,0,10,.000,375,593,.632,.622,181,256,.707,158,270,428,73,46,49,74,128,931,136608da-2dcf-451f-b445-8653050339ca
182,Gary Harris,SG,26,TOT,39,38,1080,138,345,.400,48,141,.340,90,204,.441,.470,64,78,.821,21,58,79,78,28,11,37,71,388,d3c72bb8-edb5-4d16-85dc-3b507844f36b
183,Jalen Harris,SG,22,TOR,13,2,172,36,72,.500,17,36,.472,19,36,.528,.618,7,9,.778,3,15,18,17,8,0,14,15,96,129809e2-647c-4761-9eba-69d8b7f52e67
184,Joe Harris,SF,29,BRK,69,65,2141,357,707,.505,211,444,.475,146,263,.555,.654,49,63,.778,43,205,248,130,46,14,62,141,974,eff7cfb1-255d-4368-8448-774c8c8366a2
185,Tobias Harris,PF,28,PHI,62,62,2014,473,924,.512,82,208,.394,391,716,.546,.556,182,204,.892,62,357,419,220,55,51,107,119,1210,a06d7a3e-4ba3-4143-b379-1016a70135ca
186,Shaquille Harrison,SG,27,TOT,34,0,333,26,78,.333,3,16,.188,23,62,.371,.353,18,22,.818,7,41,48,25,17,5,11,33,73,4bc1c2ad-e2d5-4c4f-9de7-daab4cc0d065
187,Josh Hart,SF,25,NOP,47,4,1349,151,344,.439,63,193,.326,88,151,.583,.531,69,89,.775,53,324,377,109,38,12,49,111,434,3f838f92-c17f-4fe9-9cd8-10bf9a1fa016
188,Isaiah Hartenstein,C,22,TOT,46,2,559,94,171,.550,2,6,.333,92,165,.558,.556,46,71,.648,65,116,181,55,19,39,44,104,236,4a81da29-b5a2-434a-879c-c1e8237cdb9f
189,Udonis Haslem,C,40,MIA,1,0,3,2,2,1.000,0,0,0,2,2,1.000,1.000,0,0,0,0,1,1,0,0,0,0,0,4,4dc4d675-85a3-4d26-b601-3a34e1f6eab7
190,Jaxson Hayes,C,20,NOP,60,3,964,175,280,.625,6,14,.429,169,266,.635,.636,93,120,.775,92,165,257,35,25,38,39,101,449,683a0743-fdc2-495e-831d-384f901850e3
191,Killian Hayes,PG,19,DET,26,18,670,71,201,.353,20,72,.278,51,129,.395,.403,14,17,.824,6,63,69,138,27,10,83,57,176,ef6f1e5d-4b2c-499a-8266-aa935bc96344
192,Gordon Hayward,SF,30,CHO,44,44,1496,311,658,.473,85,205,.415,226,453,.499,.537,156,185,.843,37,221,258,181,52,14,91,74,863,1fda1d08-adaa-424d-96df-373dfbef9128
193,Tyler Herro,SG,21,MIA,54,15,1635,307,699,.439,107,297,.360,200,402,.498,.516,94,117,.803,25,243,268,184,35,17,101,71,815,6bcf8cf2-ecb0-4aea-a786-b26215dcace4
194,Buddy Hield,SG,28,SAC,71,71,2433,403,992,.406,282,721,.391,121,271,.446,.548,88,104,.846,29,305,334,257,63,30,130,175,1176,29f14249-9d69-47ff-abd1-fa8a1917d8f3
195,George Hill,PG,34,TOT,30,17,672,95,197,.482,31,80,.388,64,117,.547,.561,40,50,.800,16,45,61,73,23,5,31,31,261,c5b9f92b-8034-4815-ae8f-041729580eed
196,Solomon Hill,PF,29,ATL,71,16,1513,107,298,.359,68,212,.321,39,86,.453,.473,35,46,.761,42,172,214,75,50,11,42,116,317,b0f089c4-3a81-42d9-825e-9321c80e8268
197,Nate Hinton,SG,21,DAL,21,0,93,15,42,.357,4,19,.211,11,23,.478,.405,7,10,.700,1,8,9,8,7,2,5,8,41,2fd2490c-7a6c-42d3-a675-c25d28cf4674
198,Jaylen Hoard,SF,21,OKC,19,0,320,44,88,.500,0,11,.000,44,77,.571,.500,28,41,.683,21,44,65,24,13,5,17,19,116,aa2e38e6-afad-4d97-b829-3b6a8558b90a
199,Aaron Holiday,PG,24,IND,66,8,1176,170,436,.390,67,182,.368,103,254,.406,.467,68,83,.819,15,74,89,123,46,13,66,94,475,f2ad5eda-5db4-44b4-a799-911b10c56407
200,Jrue Holiday,PG,30,MIL,59,56,1907,414,823,.503,111,283,.392,303,540,.561,.570,107,136,.787,73,195,268,357,96,37,127,98,1046,25889713-b28a-4be8-9660-3ac5ac97e716
201,Justin Holiday,SG,31,IND,72,52,2183,258,625,.413,173,453,.382,85,172,.494,.551,67,85,.788,32,224,256,119,74,41,54,135,756,c3bf3295-2333-4778-afd8-94ad66620f81
202,Rondae Hollis-Jefferson,PF,26,POR,11,1,107,9,18,.500,0,1,.000,9,17,.529,.500,9,16,.563,11,15,26,13,2,4,2,15,27,aba9b128-4ffb-40e6-ad84-3cbb62beea3f
203,Richaun Holmes,C,27,SAC,61,61,1782,366,575,.637,2,11,.182,364,564,.645,.638,135,170,.794,144,360,504,101,39,96,75,213,869,dc4b3dc0-281e-4c2d-afb5-738db4153e37
204,Rodney Hood,SF,28,TOT,55,5,942,94,260,.362,34,113,.301,60,147,.408,.427,24,28,.857,23,80,103,53,24,7,36,74,246,2feffd33-e5e2-4834-8077-6e5de80fbac3
205,Al Horford,C,34,OKC,28,28,782,162,360,.450,56,152,.368,106,208,.510,.528,18,22,.818,29,159,188,94,25,26,29,48,398,b21d8144-e255-442a-8c3f-2737727f9f38
206,Talen Horton-Tucker,SG,20,LAL,65,4,1304,224,489,.458,37,131,.282,187,358,.522,.496,100,129,.775,25,144,169,181,63,21,105,127,585,ab99c0cf-cb0c-4007-932b-373e5bc08e84
207,Dwight Howard,C,35,PHI,69,6,1196,178,303,.587,5,20,.250,173,283,.611,.596,121,210,.576,190,390,580,61,30,62,112,200,482,b89c8f21-0a6f-4c76-b5e8-b5775c73583b
208,Markus Howard,SG,21,DEN,37,1,205,40,106,.377,18,65,.277,22,41,.537,.462,7,9,.778,1,20,21,18,4,1,18,23,105,792554e1-5455-4803-9a05-5db47ee0aa43
209,Kevin Huerter,SG,22,ATL,69,49,2126,316,731,.432,140,386,.363,176,345,.510,.528,50,64,.781,38,193,231,241,82,18,79,165,822,cc43eb6d-33aa-42fd-8841-9c6f61cd96ba
210,Elijah Hughes,SF,22,UTA,18,0,64,10,30,.333,8,23,.348,2,7,.286,.467,3,4,.750,1,8,9,6,1,1,6,1,31,4aa5eecd-6d9b-42e1-91b1-977ac3af5ee3
211,De'Andre Hunter,SF,23,ATL,23,19,678,120,248,.484,31,95,.326,89,153,.582,.546,73,85,.859,17,93,110,44,19,12,29,59,344,b0ecbd57-7b2f-454a-8002-a8eed0ee634b
212,Chandler Hutchison,SF,24,TOT,25,1,346,39,103,.379,8,22,.364,31,81,.383,.417,21,25,.840,6,72,78,17,12,5,20,33,107,0a7d7639-54b8-4285-a251-9ba4a847aa36
213,Serge Ibaka,C,31,LAC,41,39,955,186,365,.510,39,115,.339,147,250,.588,.563,43,53,.811,73,202,275,74,9,47,44,76,454,036d5db1-0417-434e-bf2e-082491506b0e
214,Andre Iguodala,SF,37,MIA,63,5,1339,95,248,.383,60,182,.330,35,66,.530,.504,25,38,.658,38,183,221,142,57,35,67,90,275,bd56f727-1302-42ae-b243-bf6722378b35
215,Joe Ingles,SF,33,UTA,67,30,1867,275,562,.489,183,406,.451,92,156,.590,.652,76,90,.844,27,217,244,318,45,12,117,120,809,f65797f8-e4fc-4ac3-af04-954accb5bbf8
216,Brandon Ingram,SF,23,NOP,61,61,2093,513,1101,.466,143,375,.381,370,726,.510,.531,281,320,.878,34,265,299,296,42,36,154,124,1450,13bc8674-2e2d-4dae-818c-69728b553b74
217,Kyrie Irving,PG,28,BRK,54,54,1886,549,1086,.506,152,378,.402,397,708,.561,.576,201,218,.922,52,205,257,324,76,37,130,140,1451,6d2b90d8-a081-461e-bb70-05ec06577d87
218,Frank Jackson,PG,22,DET,40,6,738,134,293,.457,61,150,.407,73,143,.510,.561,61,75,.813,15,71,86,36,15,1,34,53,390,406082b6-a4e0-4b6c-9dfe-7d332ff2e1d5
219,Josh Jackson,SG,23,DET,62,25,1560,296,707,.419,77,257,.300,219,450,.487,.473,159,218,.729,57,197,254,143,53,47,142,178,828,9ff3333d-712f-4e4a-a0a9-c8f565e0da42
220,Justin Jackson,SF,25,TOT,34,3,577,89,221,.403,36,117,.308,53,104,.510,.484,31,37,.838,16,61,77,52,15,2,32,32,245,cb4a6432-cac5-4c02-93a9-4520a42d148e
221,Reggie Jackson,SG,30,LAC,67,43,1544,263,585,.450,122,282,.433,141,303,.465,.554,67,82,.817,24,168,192,205,41,7,74,127,715,c5284b38-7b43-4425-9497-8c96dd2ffae7
222,Justin James,SF,24,SAC,36,0,310,52,111,.468,14,38,.368,38,73,.521,.532,21,36,.583,9,21,30,22,8,3,15,23,139,29f83d71-851e-4af1-aea9-9eac11120ed7
223,LeBron James,PG,36,LAL,45,45,1504,422,823,.513,104,285,.365,318,538,.591,.576,178,255,.698,29,317,346,350,48,25,168,70,1126,bedcfe40-c385-484d-85bc-e13eb14254ca
224,Mike James,PG,30,BRK,13,1,236,34,92,.370,11,31,.355,23,61,.377,.429,21,27,.778,3,29,32,54,6,1,20,10,100,bb2524c6-5ac8-43c1-87c8-623e34750b92
225,DaQuan Jeffries,SG,23,TOT,31,5,493,50,120,.417,20,67,.299,30,53,.566,.500,7,8,.875,19,52,71,22,15,10,14,48,127,c76ec9b3-dc6c-4d4d-8ce0-79d8dad8b1e7
226,Ty Jerome,SG,23,OKC,33,1,788,128,287,.446,71,168,.423,57,119,.479,.570,26,34,.765,10,81,91,120,20,6,47,61,353,4b496c67-e9c6-4b2e-9ee8-b455fd960e07
227,Isaiah Joe,SG,21,PHI,41,1,383,48,133,.361,39,106,.368,9,27,.333,.508,18,24,.750,6,30,36,20,12,4,11,34,153,4401094e-ca54-4fce-8a64-d8c13dcb29af
228,Alize Johnson,PF,24,BRK,18,0,189,40,68,.588,1,6,.167,39,62,.629,.596,13,13,1.000,27,63,90,14,5,5,9,16,94,278c46e6-a427-4776-bd67-8712cfa73cea
229,Cameron Johnson,PF,24,PHO,60,11,1437,203,483,.420,117,335,.349,86,148,.581,.541,50,59,.847,33,166,199,86,37,16,40,85,573,26fbfdec-1251-4153-a7b4-3acb44e22bc0
230,James Johnson,PF,33,TOT,51,12,1043,146,327,.446,31,120,.258,115,207,.556,.494,45,76,.592,32,145,177,98,42,42,55,120,368,783c912e-0998-4d1f-9884-0c69ecd9cbdf
231,Keldon Johnson,SF,21,SAS,69,67,1968,338,705,.479,60,181,.331,278,524,.531,.522,145,196,.740,93,319,412,121,40,24,78,142,881,f05a2430-e494-4030-ae7b-0ebc128294ac
232,Stanley Johnson,PF,24,TOR,61,13,1006,89,233,.382,45,137,.328,44,96,.458,.479,44,55,.800,29,124,153,89,52,18,54,116,267,da7ada5d-c35a-498a-9fe6-8f3f65c0616f
233,Tyler Johnson,SG,28,BRK,39,3,684,72,183,.393,48,132,.364,24,51,.471,.525,18,21,.857,6,71,77,47,14,0,17,43,210,0e8937a0-8727-40dd-bc87-5fd1a8c02fbe
234,Damian Jones,C,25,TOT,39,10,547,70,103,.680,1,5,.200,69,98,.704,.684,42,58,.724,36,85,121,29,11,29,26,77,183,ad3b1124-5844-4c39-af75-4b66910889c3
235,Mason Jones,SG,22,TOT,32,1,334,52,123,.423,24,66,.364,28,57,.491,.520,40,64,.625,7,48,55,42,7,1,29,24,168,511b32a1-795a-47fc-9cd6-bb275c9e8804
236,Tre Jones,PG,21,SAS,37,1,269,37,78,.474,3,5,.600,34,73,.466,.494,17,19,.895,8,13,21,39,8,0,13,13,94,f15c6c5a-8528-4214-9788-b252261a848f
237,Tyus Jones,PG,24,MEM,70,9,1222,178,413,.431,45,140,.321,133,273,.487,.485,41,45,.911,21,119,140,259,64,6,48,31,442,47a5dd37-8fab-4579-9dc8-ddfa57ad103c
238,DeAndre Jordan,C,32,BRK,57,43,1246,190,249,.763,0,1,.000,190,248,.766,.763,46,92,.500,117,310,427,93,17,65,85,116,426,da9bcc22-4307-42dc-8d51-12e8fba68c7a
239,Cory Joseph,PG,29,TOT,63,13,1446,200,426,.469,45,132,.341,155,294,.527,.522,72,88,.818,35,124,159,213,61,18,79,139,517,211054a5-5f23-40a0-bdc4-e5a1412327bf
240,Mfiondu Kabengele,PF,23,TOT,39,0,280,33,89,.371,13,50,.260,20,39,.513,.444,16,20,.800,12,48,60,17,8,13,15,36,95,d7e8d014-4ee7-4590-8c88-a5ee79464c74
241,Frank Kaminsky,C,27,PHO,47,13,715,121,257,.471,31,85,.365,90,172,.523,.531,37,60,.617,36,152,188,79,14,17,22,70,310,9fbbe6a5-bd18-402f-bcfb-817bc1640de8
242,Luke Kennard,SG,24,LAC,63,17,1232,197,414,.476,100,224,.446,97,190,.511,.597,26,31,.839,15,146,161,104,23,9,48,91,520,aa6dbeea-cda6-4413-aabb-5563fbba5182
243,Louis King,SF,21,SAC,6,1,85,17,34,.500,4,11,.364,13,23,.565,.559,6,6,1.000,5,13,18,9,7,3,4,9,44,a95851d1-404f-468a-bf5f-724ed1e2dd60
244,Maxi Kleber,PF,29,DAL,50,40,1341,116,275,.422,87,212,.410,29,63,.460,.580,34,37,.919,47,213,260,68,24,35,30,105,353,763ab852-98b0-4761-a150-092ea41b2951
245,Nathan Knight,PF,23,ATL,33,0,279,37,100,.370,6,33,.182,31,67,.463,.400,44,55,.800,27,45,72,8,9,10,15,22,124,8c95a68a-a379-40c3-a1f6-59ac18c96d54
246,Kevin Knox,SF,21,NYK,42,0,464,56,143,.392,35,89,.393,21,54,.389,.514,16,20,.800,10,51,61,19,12,6,17,37,163,52471d7b-211b-47c3-9d43-5140821eb403
247,John Konchar,SG,24,MEM,43,0,575,69,138,.500,21,56,.375,48,82,.585,.576,25,30,.833,35,93,128,47,30,9,18,40,184,43057893-88f0-493e-9132-bfeba42b1f57
248,Furkan Korkmaz,SG,23,PHI,55,11,1062,170,424,.401,101,269,.375,69,155,.445,.520,60,82,.732,17,96,113,82,49,9,46,64,501,c9dbf2eb-a717-46c7-a196-245ba1e4a172
249,Luke Kornet,C-PF,25,TOT,31,2,348,44,101,.436,15,59,.254,29,42,.690,.510,3,6,.500,14,53,67,24,4,32,7,20,106,a7b4b9a5-555b-4360-b7d9-bd7808aa6ec9
250,Rodions Kurucs,SF-PF,22,TOT,21,0,125,11,32,.344,6,21,.286,5,11,.455,.438,3,4,.750,5,18,23,10,9,4,13,16,31,7e44d5e2-d703-41e9-bd78-7a6269b2730c
251,Kyle Kuzma,SF,25,LAL,68,32,1954,335,757,.443,137,380,.361,198,377,.525,.533,67,97,.691,108,309,417,127,35,41,113,121,874,b70987da-381a-4f4d-8f30-54f26244c49f
252,Anthony Lamb,SF,23,HOU,24,3,415,46,118,.390,23,71,.324,23,47,.489,.487,18,21,.857,27,43,70,23,6,5,19,34,133,d6d3b90b-c6ef-459a-ac98-e000481dcdeb
253,Jeremy Lamb,SG,28,IND,36,8,765,120,276,.435,52,128,.406,68,148,.459,.529,71,75,.947,25,106,131,53,34,23,22,72,363,55f2c5d5-6dfc-4315-84f4-acbe282b7b86
254,Romeo Langford,SG,21,BOS,18,4,283,21,59,.356,5,18,.278,16,41,.390,.398,9,12,.750,12,23,35,13,6,5,10,24,56,0521a607-e468-4e94-b114-3f296af4aefc
255,Zach LaVine,SG,25,CHI,58,58,2034,569,1123,.507,200,477,.419,369,646,.571,.596,253,298,.849,36,253,289,282,46,27,203,138,1591,15dd9b5f-8ad2-42ab-8790-4f24c4a6d909
256,Jake Layman,SF,26,MIN,45,11,627,91,184,.495,23,78,.295,68,106,.642,.557,26,37,.703,13,54,67,28,29,19,26,44,231,caa548ac-6a70-4103-bcd4-c71cfaa208dd
257,Jalen Lecque,PG,20,IND,4,0,12,1,9,.111,0,1,.000,1,8,.125,.111,3,3,1.000,2,3,5,2,0,0,0,0,5,ebc16125-e5b0-445c-883d-b11bfb0e4001
258,Damion Lee,SG,28,GSW,57,1,1079,128,274,.467,77,194,.397,51,80,.638,.608,40,44,.909,22,158,180,73,38,8,30,89,373,28dd4526-de87-4e5c-a1f3-e9b5e7dba905
259,Saben Lee,PG,21,DET,48,7,781,99,210,.471,8,23,.348,91,187,.487,.490,61,89,.685,20,77,97,174,32,13,55,76,267,7d976d17-eb1f-40b9-b8be-c057fbd5b413
260,Alex Len,C,27,TOT,64,42,979,171,278,.615,8,25,.320,163,253,.644,.629,73,116,.629,78,182,260,49,20,64,55,127,423,1ffa1ef0-90c1-43e5-a683-7ed1d9a87502
261,Kawhi Leonard,SF,29,LAC,52,52,1773,465,908,.512,101,254,.398,364,654,.557,.568,261,295,.885,55,282,337,269,81,21,105,82,1292,bb8bd3e8-4f7b-4762-b826-6ec2afcb7028
262,Meyers Leonard,C,28,MIA,3,2,29,3,7,.429,3,7,.429,0,0,0,.643,1,2,.500,0,7,7,2,0,0,2,5,10,08887a09-2b21-4b1f-9a16-1356b1b864dd
263,Caris LeVert,SG,26,TOT,47,39,1486,359,814,.441,84,258,.326,275,556,.495,.493,146,180,.811,33,181,214,245,66,30,102,105,948,76d4ddb8-db74-4b21-9358-31afe4e5682f
264,Damian Lillard,PG,30,POR,67,67,2398,602,1334,.451,275,704,.391,327,630,.519,.554,449,484,.928,32,251,283,505,62,17,203,102,1928,78f04da4-220a-4294-9fd6-b4243df8f5b7
265,Nassir Little,PF,20,POR,48,2,640,78,167,.467,28,80,.350,50,87,.575,.551,36,45,.800,32,96,128,23,5,13,18,51,220,c33930ad-556d-46c6-a56b-0449b2d0a61f
266,Kevon Looney,C,24,GSW,61,34,1161,108,197,.548,4,17,.235,104,180,.578,.558,31,48,.646,117,205,322,119,21,22,37,136,251,dca8b9e4-1c22-4fa1-b5bc-db2fe335ee14
267,Brook Lopez,C,32,MIL,70,70,1902,322,640,.503,95,281,.338,227,359,.632,.577,120,142,.845,104,243,347,50,40,103,64,149,859,98b82862-6adb-4446-8471-e75ce9bd3293
268,Robin Lopez,C,32,WAS,71,9,1354,269,425,.633,5,18,.278,264,407,.649,.639,99,137,.723,141,131,272,55,15,44,75,109,642,786e0a8c-81bc-4ac8-aff3-9bf4ba92e3c0
269,Didi Louzada,SF,21,NOP,3,0,56,3,13,.231,2,8,.250,1,5,.200,.308,0,0,0,1,2,3,3,2,0,3,5,8,2f4162b1-1732-407c-b8cf-c99b6be3264a
270,Kevin Love,PF,32,CLE,25,25,622,103,252,.409,57,156,.365,46,96,.479,.522,42,51,.824,17,169,186,63,16,2,38,26,305,2b2bcfdb-1fd0-4251-8a58-1c9bc6c4e887
271,Kyle Lowry,PG,34,TOR,46,46,1601,260,596,.436,131,331,.396,129,265,.487,.546,140,160,.875,35,212,247,338,45,14,126,143,791,09855ef9-5497-4128-8dc1-db0500f2491e
272,Trey Lyles,PF,25,SAS,23,9,358,43,90,.478,14,40,.350,29,50,.580,.556,15,23,.652,9,77,86,14,6,1,6,13,115,8b723e5c-e6a5-4c76-a0bb-58fce2f31ab0
273,Will Magnay,C,22,NOP,1,0,3,0,1,.000,0,1,.000,0,0,0,.000,0,0,0,0,0,0,0,0,0,1,1,0,59af1ef8-b37a-4df6-bcee-3d30dd0f65ea
274,Thon Maker,C,23,CLE,8,0,76,10,18,.556,0,2,.000,10,16,.625,.556,10,11,.909,8,10,18,4,2,4,3,7,30,861603b2-3569-4897-b3d2-390580d3d990
275,Terance Mann,SG,24,LAC,67,10,1263,178,350,.509,38,91,.418,140,259,.541,.563,78,94,.830,56,186,242,104,29,13,40,126,472,a51dac75-01ad-44b0-b43a-46730bf0cb46
276,Nico Mannion,PG,19,GSW,30,1,364,39,114,.342,22,60,.367,17,54,.315,.439,23,28,.821,6,40,46,70,16,1,31,29,123,066522ed-7298-43d1-be90-d0cc2f9147b3
277,Lauri Markkanen,PF,23,CHI,51,26,1317,250,521,.480,119,296,.402,131,225,.582,.594,76,92,.826,35,233,268,45,26,15,52,75,695,41c7d2ff-1494-41c2-a38c-f523a504fdc2
278,Naji Marshall,SF,23,NOP,32,10,700,82,209,.392,29,83,.349,53,126,.421,.462,53,75,.707,15,133,148,88,26,10,38,58,246,babec697-5e51-4607-9018-030604b619af
279,Caleb Martin,SF,25,CHO,53,3,818,96,256,.375,31,125,.248,65,131,.496,.436,41,64,.641,31,110,141,67,37,12,33,62,264,fd198f6b-9d3a-4943-b4a7-fb5ce28fc52c
280,Cody Martin,SF,25,CHO,52,10,849,83,188,.441,16,58,.276,67,130,.515,.484,25,43,.581,52,109,161,86,37,12,40,52,207,46b42e44-c34f-4e97-87fa-90f02917ca2f
281,Jeremiah Martin,PG,24,CLE,9,0,75,9,33,.273,3,12,.250,6,21,.286,.318,1,5,.200,2,5,7,4,5,2,6,1,22,d1bb3591-42a8-4406-9d49-3893b798571b
282,Kelan Martin,SF,25,IND,35,0,322,62,138,.449,24,60,.400,38,78,.487,.536,9,10,.900,18,60,78,17,10,10,16,35,157,2ddd61be-a854-45a6-81a3-ddb8533070e6
283,Garrison Mathews,SG,24,WAS,64,24,1038,97,237,.409,76,198,.384,21,39,.538,.570,84,95,.884,16,71,87,26,29,7,10,106,354,892ceb2c-93c9-4379-b0d3-436e715386de
284,Dakota Mathias,SG,25,PHI,8,2,123,19,48,.396,8,26,.308,11,22,.500,.479,2,6,.333,1,6,7,13,1,3,1,7,48,96a0f08e-7993-4b74-9726-19c37187f226
285,Wesley Matthews,SG,34,LAL,58,10,1130,89,252,.353,66,197,.335,23,55,.418,.484,35,41,.854,20,73,93,54,38,17,26,80,279,bb09e0ae-34a0-4be2-bbc8-99ecaea9fd88
286,Tyrese Maxey,SG,20,PHI,61,8,935,198,429,.462,31,103,.301,167,326,.512,.498,61,70,.871,11,93,104,120,26,13,41,79,488,ca947ac8-2ce3-4305-bbc4-435a73036b8c
287,Skylar Mays,SG,23,ATL,33,0,269,44,98,.449,14,40,.350,30,58,.517,.520,22,25,.880,10,25,35,30,14,2,9,15,124,17a6c248-1f3f-477e-ba83-3beee298e82f
288,Patrick McCaw,SF,25,TOR,5,0,33,1,1,1.000,0,0,0,1,1,1.000,1.000,3,3,1.000,1,2,3,4,2,0,0,6,5,abd2680e-ab2a-4b8e-80cc-f8a9100acd1d
289,CJ McCollum,SG,29,POR,47,47,1600,405,884,.458,169,420,.402,236,464,.509,.554,108,133,.812,30,155,185,223,44,21,65,87,1087,9e19f4e1-dc7d-4a21-9b38-b41455d64686
290,Jaden McDaniels,PF,20,MIN,63,27,1511,164,367,.447,72,198,.364,92,169,.544,.545,27,45,.600,52,180,232,71,35,60,47,172,427,d6c0531e-d93e-47f8-b79a-9aa113ef8e3d
291,Jalen McDaniels,SF,23,CHO,47,18,904,133,284,.468,35,105,.333,98,179,.547,.530,45,64,.703,45,124,169,53,28,19,45,95,346,b38322ce-d128-464a-bf41-82b630818e24
292,Doug McDermott,PF,29,IND,66,29,1619,354,665,.532,111,286,.388,243,379,.641,.616,80,98,.816,60,161,221,85,20,6,53,117,899,4fc6f501-9558-4294-8bdb-2271de607c85
293,Sean McDermott,SF,24,MEM,18,0,158,13,33,.394,5,22,.227,8,11,.727,.470,8,8,1.000,6,13,19,4,2,3,4,8,39,28769c6a-faa9-437d-ab26-3cdbb9631931
294,JaVale McGee,C,33,TOT,46,2,678,144,282,.511,5,24,.208,139,258,.539,.520,44,67,.657,77,162,239,39,19,54,60,121,337,6220b234-7941-44ed-84f1-9c2d44fd7fb9
295,Rodney McGruder,SG,29,DET,16,2,194,37,70,.529,11,24,.458,26,46,.565,.607,6,8,.750,8,14,22,16,8,1,7,12,91,e3be5c58-f560-4adf-be85-8d0df234ec1c
296,Alfonzo McKinnie,SF,28,LAL,39,0,258,48,93,.516,16,39,.410,32,54,.593,.602,10,18,.556,22,32,54,6,7,0,5,26,122,10c2a3fd-e74d-4a1c-9b66-b497fe0e4fcd
297,Jordan McLaughlin,PG,24,MIN,51,2,938,100,242,.413,33,92,.359,67,150,.447,.481,23,30,.767,21,87,108,193,51,6,51,44,256,cfa2d6a9-18b6-46d4-b5f8-5a32b370050d
298,Ben McLemore,SG,27,TOT,53,5,905,135,365,.370,97,280,.346,38,85,.447,.503,39,53,.736,15,85,100,39,23,9,42,88,406,c65f73ca-4600-4beb-b523-19a269ae53ad
299,De'Anthony Melton,PG,22,MEM,52,1,1045,172,393,.438,87,211,.412,85,182,.467,.548,41,51,.804,30,131,161,132,60,31,66,85,472,6adab29e-9e18-40b9-8352-c3a4cb53bbab
300,Sam Merrill,SG,24,MIL,30,2,233,32,72,.444,21,47,.447,11,25,.440,.590,4,4,1.000,6,24,30,21,8,1,10,17,89,8c078f56-3674-4ee4-83be-432830ff2943
301,Chimezie Metu,C,23,SAC,36,6,488,91,179,.508,13,37,.351,78,142,.549,.545,31,43,.721,31,81,112,28,14,18,29,59,226,f2a5b6ea-6648-4bc3-a20b-e831c3d2bd3d
302,Khris Middleton,SF,29,MIL,68,68,2269,511,1074,.476,151,365,.414,360,709,.508,.546,212,236,.898,54,352,406,370,74,9,178,160,1385,982a6f07-c5fd-4eab-b8d8-4b4c908ed392
303,Darius Miller,SF,30,OKC,18,0,197,22,48,.458,17,42,.405,5,6,.833,.635,12,12,1.000,2,22,24,21,13,5,8,13,73,f32e39c6-67b0-41aa-9526-53d641679bf0
304,Paul Millsap,PF,35,DEN,56,36,1162,191,401,.476,49,143,.343,142,258,.550,.537,71,98,.724,76,186,262,98,51,36,51,111,502,16209d46-a478-4126-8230-fb91cea66f19
305,Shake Milton,SG,24,PHI,63,4,1461,300,667,.450,71,203,.350,229,464,.494,.503,146,176,.830,33,115,148,193,39,18,103,130,817,a7072b79-8977-443a-bab2-090b949657cf
306,Donovan Mitchell,PG,24,UTA,53,53,1771,478,1091,.438,178,461,.386,300,630,.476,.520,267,316,.845,50,185,235,277,52,15,147,117,1401,17cc8c3d-5145-4970-89a7-929a7cd78459
307,Adam Mokoka,SG,22,CHI,14,0,56,7,19,.368,1,10,.100,6,9,.667,.395,0,1,.000,1,4,5,5,2,1,5,5,15,88ba6dc9-1ffd-45b3-9db8-d2589ceb292f
308,Malik Monk,SG,22,CHO,42,0,878,173,399,.434,85,212,.401,88,187,.471,.540,59,72,.819,14,87,101,87,19,4,55,47,490,d5b4e990-d1dd-450d-8581-758b4c1902f5
309,E'Twaun Moore,SG,31,PHO,27,1,389,55,121,.455,11,35,.314,44,86,.512,.500,12,14,.857,14,31,45,40,15,5,23,32,133,125f0125-cec2-42cf-9fe8-284a6e3da737
310,Ja Morant,PG,21,MEM,63,63,2053,430,957,.449,73,241,.303,357,716,.499,.487,271,372,.728,59,193,252,465,57,13,203,87,1204,05451865-5ee2-471b-be69-ebcdf7aa35ec
311,Juwan Morgan,PF,23,UTA,29,0,147,14,30,.467,4,13,.308,10,17,.588,.533,3,7,.429,9,19,28,9,4,1,4,21,35,5073194a-b067-4764-bd3c-d2efb881e430
312,Marcus Morris,PF,31,LAC,57,29,1502,276,584,.473,140,296,.473,136,288,.472,.592,73,89,.820,35,199,234,58,34,15,57,117,765,9feb65ef-247d-4569-9709-5ff1f25c2858
313,Markieff Morris,PF,31,LAL,61,27,1200,153,378,.405,65,209,.311,88,169,.521,.491,36,50,.720,48,218,266,73,22,19,54,105,407,cf3cf341-3205-4138-9a29-a3c168e2d530
314,Monte Morris,PG,25,DEN,47,13,1196,186,387,.481,51,134,.381,135,253,.534,.547,58,73,.795,11,85,96,150,34,13,34,48,481,4038ddfc-8480-4e18-bee2-fd598623034c
315,Mychal Mulder,PG,26,GSW,60,6,766,119,265,.449,85,214,.397,34,51,.667,.609,14,22,.636,8,52,60,26,12,12,16,56,337,a3fee9c6-b974-49c7-a64c-2aa4ca5ff4ca
316,Dejounte Murray,PG,24,SAS,67,67,2139,441,974,.453,63,199,.317,378,775,.488,.485,106,134,.791,58,415,473,363,101,7,117,135,1051,40ae8c3d-9f24-44a4-8fb9-f3de3dafff19
317,Jamal Murray,PG,23,DEN,48,48,1704,378,792,.477,129,316,.408,249,476,.523,.559,133,153,.869,37,157,194,231,64,13,108,95,1018,3404fc0c-3279-4ca3-949b-fcc6ffd7fd9f
318,Mike Muscala,C,29,OKC,35,0,645,119,267,.446,68,184,.370,51,83,.614,.573,33,36,.917,19,113,132,28,8,11,21,54,339,8a9d1db3-41ee-46f3-bd79-b7c301c87241
319,Abdel Nader,SF,27,PHO,24,0,355,57,116,.491,18,43,.419,39,73,.534,.569,28,37,.757,7,55,62,19,10,9,19,34,160,0427d095-512f-45f8-8aa1-e1c00856e203
320,Aaron Nesmith,SF,21,BOS,46,1,669,78,178,.438,40,108,.370,38,70,.543,.551,22,28,.786,28,99,127,23,15,9,23,87,218,29938b00-3fb2-4462-a14a-c5b17b44ee56
321,Raul Neto,PG,28,WAS,64,22,1403,209,447,.468,64,164,.390,145,283,.512,.539,75,85,.882,28,128,156,146,73,6,53,109,557,edea3f20-a861-40a3-89ec-be5cbe9b7455
322,Georges Niang,PF,27,UTA,72,10,1154,177,405,.437,124,292,.425,53,113,.469,.590,22,23,.957,28,148,176,59,25,8,51,116,500,ab09c1f4-39f1-426c-9e56-4e8e8c7f356b
323,Zeke Nnaji,PF,20,DEN,42,1,397,50,104,.481,24,59,.407,26,45,.578,.596,12,15,.800,14,51,65,10,8,4,7,29,136,6a3ee919-7c41-4441-969a-69d68bc522b7
324,Nerlens Noel,C,26,NYK,64,41,1547,137,223,.614,0,3,.000,137,220,.623,.614,50,70,.714,142,266,408,46,70,141,65,176,324,e10e46ce-0f44-4c0d-8f2d-ddc87d7a6517
325,Jaylen Nowell,SG,21,MIN,42,0,759,142,335,.424,50,150,.333,92,185,.497,.499,45,55,.818,19,76,95,62,22,12,28,72,379,f0376a2f-82d0-4c39-a68d-e6ec28e2c7d6
326,Frank Ntilikina,PG,22,NYK,33,4,322,29,79,.367,23,48,.479,6,31,.194,.513,8,18,.444,6,25,31,19,18,4,11,45,89,f746fc64-2b44-4794-9153-acab0dbc7c58
327,Kendrick Nunn,PG,25,MIA,56,44,1650,319,658,.485,122,320,.381,197,338,.583,.578,56,60,.933,21,158,179,148,52,14,80,108,816,aaff13d4-afdc-4c2e-8a58-c4d18d026b93
328,James Nunnally,SF,30,NOP,9,0,48,5,13,.385,4,12,.333,1,1,1.000,.538,1,2,.500,2,7,9,3,0,0,2,1,15,f4618133-a299-45e8-b351-fe09f3882ebd
329,David Nwaba,SF,28,HOU,30,9,679,106,218,.486,17,63,.270,89,155,.574,.525,47,68,.691,40,78,118,31,30,21,17,60,276,705dc56f-ed28-4579-968a-847492881122
330,Jordan Nwora,SF,22,MIL,30,2,274,62,135,.459,28,62,.452,34,73,.466,.563,19,25,.760,9,51,60,7,16,7,24,22,171,a5b89e6c-7fd0-447d-96af-a8537766ef2c
331,Royce O'Neale,SF,27,UTA,71,71,2241,175,394,.444,107,278,.385,68,116,.586,.580,39,46,.848,88,397,485,181,57,32,83,182,496,fb22e82b-f677-4a53-a850-0a2f0c27b1dc
332,Semi Ojeleye,PF,26,BOS,56,15,950,89,221,.403,58,158,.367,31,63,.492,.534,24,32,.750,31,116,147,37,17,0,21,56,260,f34d0211-44d9-4831-99cd-96e19dfab1e3
333,Jahlil Okafor,C,25,DET,27,2,347,63,102,.618,2,9,.222,61,93,.656,.627,17,24,.708,23,43,66,13,6,5,21,39,145,7f8152a3-0f2b-406e-a7f8-55db22527541
334,Chuma Okeke,PF,22,ORL,45,19,1133,135,324,.417,49,141,.348,86,183,.470,.492,30,40,.750,42,139,181,101,48,22,38,48,349,ee73ae33-ced6-4ffc-bbd0-bb1ecfb31ffa
335,Josh Okogie,SG,22,MIN,59,37,1197,102,254,.402,29,108,.269,73,146,.500,.459,83,108,.769,63,93,156,63,54,28,43,123,316,16788827-69fe-4ed3-a600-a7a742af4953
336,Onyeka Okongwu,C,20,ATL,50,4,601,96,149,.644,0,3,.000,96,146,.658,.644,36,57,.632,62,101,163,18,23,33,29,100,228,1169f5cf-6271-4de3-b02b-10fa9a484ec3
337,Isaac Okoro,SG,20,CLE,67,67,2173,235,559,.420,62,214,.290,173,345,.501,.476,114,157,.726,68,138,206,128,62,24,86,185,646,4009b9ea-f9ec-4e2d-acfa-b6616c59cdc0
338,KZ Okpala,PF,21,MIA,37,9,447,36,96,.375,12,50,.240,24,46,.522,.438,8,15,.533,21,47,68,19,10,11,15,59,92,10ddee97-1559-43ed-89b6-55a2c0910603
339,Victor Oladipo,SG,28,TOT,33,33,1080,235,576,.408,78,239,.326,157,337,.466,.476,104,138,.754,12,148,160,151,46,14,83,81,652,629ff9c4-4f2b-4817-88be-d9cbc4df9b6f
340,Cameron Oliver,SF,24,HOU,4,0,87,19,33,.576,4,13,.308,15,20,.750,.636,1,4,.250,5,16,21,5,2,4,3,11,43,682f22f4-9198-41c6-bd41-d747eeed6e91
341,Kelly Olynyk,C-PF,29,TOT,70,62,1997,337,697,.484,126,368,.342,211,329,.641,.574,145,175,.829,87,402,489,203,79,42,126,207,945,72b02029-e21a-4a2a-abf8-b2503de47678
342,Miye Oni,SG,23,UTA,54,0,519,35,99,.354,30,88,.341,5,11,.455,.505,5,6,.833,23,61,84,28,11,8,16,61,105,4293fbfc-470a-471c-be52-e9707b88f228
343,Cedi Osman,SF,25,CLE,59,26,1510,219,586,.374,99,324,.306,120,262,.458,.458,76,95,.800,38,163,201,174,53,9,80,119,613,05d57d36-ef49-4ceb-8c1d-54f890a17eaf
344,Daniel Oturu,C,21,LAC,30,0,161,22,52,.423,1,5,.200,21,47,.447,.433,9,12,.750,21,27,48,10,4,7,9,24,54,3e28bfcc-1f55-484e-9037-acdd46890401
345,Jabari Parker,PF,25,TOT,13,0,165,30,55,.545,2,11,.182,28,44,.636,.564,10,13,.769,10,32,42,11,1,5,10,13,72,9daaac4d-d412-45cb-ac1b-bcc701047cf0
346,Eric Paschall,PF,24,GSW,40,2,695,148,298,.497,18,54,.333,130,244,.533,.527,67,94,.713,28,100,128,51,12,7,43,68,381,9ec78bea-a596-48db-9cc9-8356db58b5a8
347,Patrick Patterson,PF,31,LAC,38,5,582,72,165,.436,40,112,.357,32,53,.604,.558,13,17,.765,19,56,75,29,14,8,11,45,197,363646a1-0fcc-44f4-90ef-82f85b8da460
348,Justin Patton,C,23,HOU,13,6,247,29,70,.414,9,34,.265,20,36,.556,.479,3,4,.750,14,35,49,14,12,14,4,34,70,53baffee-097d-4e8f-9d94-dcff72b8e52c
349,Chris Paul,PG,35,PHO,70,70,2199,439,879,.499,102,258,.395,337,621,.543,.557,169,181,.934,25,287,312,622,99,19,156,166,1149,40b1fb2d-fa62-4821-ad86-82eb61726f8c
350,Cameron Payne,PG,26,PHO,60,1,1079,191,395,.484,73,166,.440,118,229,.515,.576,50,56,.893,16,128,144,217,36,16,60,97,505,c5c5bea0-98c9-4d72-b728-91491ac63572
351,Elfrid Payton,PG,26,NYK,63,63,1484,269,622,.432,28,98,.286,241,524,.460,.455,73,107,.682,64,152,216,203,47,9,103,116,639,00f32ba2-0278-45fa-9994-8fdb75ff2c00
352,Gary Payton II,PG,28,GSW,10,0,40,10,13,.769,2,4,.500,8,9,.889,.846,3,4,.750,2,9,11,1,6,1,1,8,25,18691411-9268-4904-9571-02e529b61cc0
353,Norvel Pelle,C,27,TOT,13,0,84,8,15,.533,0,0,0,8,15,.533,.533,4,6,.667,6,13,19,2,1,9,3,14,20,83b16bec-1f1a-4eb2-8540-1b00fdbdf2ba
354,Reggie Perry,PF,20,BRK,26,0,211,32,78,.410,4,21,.190,28,57,.491,.436,10,13,.769,27,46,73,14,6,6,15,40,78,5bc711b9-c262-4cb0-befe-12e1dbdee480
355,Theo Pinson,SG,25,NYK,17,0,34,1,9,.111,0,8,.000,1,1,1.000,.111,0,0,0,0,5,5,1,0,0,1,4,2,5f4c1111-c912-4860-a15b-8c3bea266bca
356,Mason Plumlee,C,30,DET,56,56,1499,234,381,.614,0,7,.000,234,374,.626,.614,113,169,.669,145,374,519,202,43,50,105,186,581,73bf0204-a356-4ebc-8b19-bd4986f1117c
357,Jakob Poeltl,C,25,SAS,69,51,1845,265,430,.616,0,0,0,265,430,.616,.616,63,124,.508,219,328,547,134,47,123,83,172,593,9648e07b-ae7c-4822-97c2-e9a202aac54a
358,Vincent Poirier,C,27,PHI,10,0,39,3,12,.250,0,1,.000,3,11,.273,.250,2,6,.333,6,8,14,2,0,3,4,8,8,0cc05295-0d3e-4e2f-9626-eee9141bef9a
359,Aleksej Pokusevski,PF,19,OKC,45,28,1090,139,408,.341,58,207,.280,81,201,.403,.412,31,42,.738,30,182,212,97,20,42,99,58,367,f631f964-cd96-46fc-b321-5a42add082cf
360,Jordan Poole,SG,21,GSW,51,7,988,205,474,.432,97,276,.351,108,198,.545,.535,105,119,.882,15,77,92,99,26,9,51,86,612,d3a2af4b-11a7-43c3-b557-ab9bdf8e0509
361,Jontay Porter,PF,21,MEM,11,0,54,8,15,.533,3,8,.375,5,7,.714,.633,3,5,.600,4,10,14,1,3,1,7,12,22,f8f87293-5064-471f-a2ea-04b39fb44ab6
362,Bobby Portis,C,25,MIL,66,7,1372,313,598,.523,74,157,.471,239,441,.542,.585,54,73,.740,124,342,466,71,52,26,56,115,754,dbc851f7-198a-4aca-ab3f-e2c7c0fa4731
363,Dwight Powell,C,29,DAL,58,19,966,120,194,.619,5,21,.238,115,173,.665,.631,97,124,.782,80,154,234,63,36,30,40,135,342,99857625-77a9-4c25-98f6-45f5405ba381
364,Norman Powell,SG-SF,27,TOT,69,58,2205,438,918,.477,171,416,.411,267,502,.532,.570,236,271,.871,42,173,215,129,82,18,119,160,1283,20e23077-318a-4939-878e-bfa624cff33a
365,Taurean Prince,PF,26,TOT,41,10,905,131,327,.401,62,155,.400,69,172,.401,.495,65,76,.855,19,123,142,76,28,23,47,75,389,fc2f82a8-be7b-4531-b347-470da95014f8
366,Payton Pritchard,SG,23,BOS,66,4,1268,184,418,.440,102,248,.411,82,170,.482,.562,40,45,.889,33,125,158,120,37,9,53,104,510,3079a73c-8538-4104-a206-b56a196e601d
367,Immanuel Quickley,PG,21,NYK,64,3,1243,229,580,.395,118,303,.389,111,277,.401,.497,155,174,.891,25,112,137,127,30,12,58,114,731,461bb8cc-b867-47b2-a4a7-aff4bb6afc82
368,Jahmi'us Ramsey,SG,19,SAC,13,0,94,15,38,.395,5,19,.263,10,19,.526,.461,5,5,1.000,2,8,10,6,4,1,3,8,40,b3d0edb3-b647-428c-ac5f-2efb1915162c
369,Chasson Randle,PG,27,ORL,41,5,837,92,237,.388,44,130,.338,48,107,.449,.481,38,48,.792,7,75,82,74,22,5,46,64,266,51ef87bc-4599-49b5-830c-39ffc6266333
370,Julius Randle,PF,26,NYK,71,71,2667,602,1321,.456,160,389,.411,442,932,.474,.516,348,429,.811,84,639,723,427,64,18,241,225,1712,fea7a86f-ea8b-4819-8dd1-d3ef03940cc5
371,Cam Reddish,SF,21,ATL,26,21,750,96,263,.365,33,126,.262,63,137,.460,.428,67,82,.817,22,82,104,35,33,9,34,68,292,73711fa2-e55d-4e6c-b919-d68f24139508
372,Paul Reed,PF,21,PHI,26,0,177,42,78,.538,0,6,.000,42,72,.583,.538,4,8,.500,30,31,61,12,10,13,12,29,88,1152ed65-a6ad-4326-be06-f38d5d56da97
373,Naz Reid,C,21,MIN,70,15,1347,304,581,.523,61,174,.351,243,407,.597,.576,115,166,.693,82,240,322,72,34,76,69,179,784,3ccb31e0-51fc-4e38-ae6c-6b2ec37dae58
374,Nick Richards,PF,23,CHO,18,0,63,4,9,.444,0,1,.000,4,8,.500,.444,7,11,.636,4,7,11,2,0,0,3,7,15,75c43cb5-5a57-4491-82a4-5f965c115e85
375,Josh Richardson,SG,27,DAL,59,56,1790,264,618,.427,88,267,.330,176,351,.501,.498,99,108,.917,51,144,195,153,61,24,79,130,715,c6009526-2589-40f2-8a6a-47418c873228
376,Grant Riller,PG,23,CHO,7,0,27,8,12,.667,2,4,.500,6,8,.750,.750,0,0,0,0,1,1,3,1,0,1,0,18,6d9aa8df-c52c-4cd1-9973-87de862e2a48
377,Austin Rivers,SG,28,TOT,36,7,845,104,245,.424,55,149,.369,49,96,.510,.537,22,31,.710,8,74,82,81,30,2,36,64,285,42acb691-27b2-4f89-b19f-bfc3c33e32ba
378,Andre Roberson,SG,29,BRK,5,0,63,2,14,.143,1,8,.125,1,6,.167,.179,1,2,.500,7,8,15,4,3,1,2,4,6,b8443720-1a84-4640-865c-7730146df63d
379,Duncan Robinson,SF,26,MIA,72,72,2262,315,717,.439,250,613,.408,65,104,.625,.614,62,75,.827,7,243,250,127,43,20,81,181,942,66963590-35ab-4dfc-b52b-2929be08550a
380,Glenn Robinson III,SF,27,SAC,23,2,369,42,99,.424,16,44,.364,26,55,.473,.505,21,23,.913,11,34,45,20,4,3,11,23,121,b96f8077-d7f7-4944-b6f6-b8890743860a
381,Jerome Robinson,SG,23,WAS,17,6,305,28,95,.295,11,42,.262,17,53,.321,.353,16,20,.800,4,34,38,25,12,6,19,31,83,857a98b6-91ae-4207-84b9-770467e3a34e
382,Justin Robinson,PG,23,OKC,9,0,88,7,21,.333,4,14,.286,3,7,.429,.429,3,5,.600,1,6,7,9,3,0,2,10,21,e838eaeb-c891-4ca2-adb8-6528f815a7fe
383,Mitchell Robinson,C,22,NYK,31,29,853,115,176,.653,0,0,0,115,176,.653,.653,26,53,.491,113,139,252,17,35,45,26,86,256,a50f890d-fa6c-44d3-9653-75a3f83db921
384,Isaiah Roby,PF,22,OKC,61,34,1425,207,429,.483,32,109,.294,175,320,.547,.520,87,117,.744,89,252,341,107,52,37,113,162,533,6e7d8442-b738-4528-b2cd-fa94edc6f54d
385,Rajon Rondo,PG,34,TOT,45,3,770,95,215,.442,36,89,.404,59,126,.468,.526,16,17,.941,18,92,110,199,37,4,79,53,242,00e6c4e1-3e3e-4f98-a6b3-ce587b855030
386,Derrick Rose,PG,32,TOT,50,3,1279,287,611,.470,50,129,.388,237,482,.492,.511,110,127,.866,20,110,130,209,49,19,78,56,734,4838e8d6-bfe6-4461-9731-4a194563e628
387,Terrence Ross,SG,29,ORL,46,2,1347,254,616,.412,89,264,.337,165,352,.469,.485,120,138,.870,15,143,158,108,47,21,74,88,717,09c88e8f-fc07-4097-b929-885f3e6a952e
388,Terry Rozier,SG,26,CHO,69,69,2383,510,1134,.450,222,571,.389,288,563,.512,.548,165,202,.817,47,255,302,293,87,26,128,119,1407,2f920ada-a9e0-4284-b647-70c67aadb495
389,Ricky Rubio,PG,30,MIN,68,51,1772,193,498,.388,66,214,.308,127,284,.447,.454,130,150,.867,28,195,223,433,98,4,111,139,582,8c07ceb3-c755-4010-b0a5-165e214cd622
390,D'Angelo Russell,PG,24,MIN,42,26,1196,281,652,.431,120,310,.387,161,342,.471,.523,114,149,.765,16,95,111,244,45,18,112,68,796,731d08a8-05b2-44df-82b4-d2cc24f5fd0d
391,Domantas Sabonis,PF,24,IND,62,62,2231,484,904,.535,52,162,.321,432,742,.582,.564,240,328,.732,150,592,742,415,76,33,213,203,1260,f0fdae0c-bd60-43f2-9722-fc618d8a892b
392,JaKarr Sampson,PF,27,IND,29,4,316,56,113,.496,3,15,.200,53,98,.541,.509,19,29,.655,27,50,77,4,2,14,15,52,134,3fb05315-5788-458c-a541-f36f243ac6b2
393,Mike Scott,PF,32,PHI,51,12,852,76,211,.360,53,155,.342,23,56,.411,.486,8,12,.667,11,109,120,40,24,14,19,72,213,90c4c70d-1df8-4314-82dc-8ba9bd647252
394,Jay Scrubb,SG,20,LAC,4,1,84,14,36,.389,2,9,.222,12,27,.444,.417,5,5,1.000,2,12,14,1,4,0,7,5,35,9f3a6a79-4fbf-4820-9163-4180cddf31b9
395,Collin Sexton,SG,22,CLE,60,60,2115,525,1105,.475,98,264,.371,427,841,.508,.519,312,383,.815,58,129,187,262,62,10,167,157,1460,86af021d-0035-4562-b5be-d2717e84349a
396,Landry Shamet,SG,23,BRK,61,12,1403,186,456,.408,129,333,.387,57,123,.463,.549,66,78,.846,11,101,112,99,31,10,48,93,567,9b794ca8-f2fb-405b-866f-daca5e37d38c
397,Iman Shumpert,SG,30,BRK,2,0,11,1,4,.250,0,3,.000,1,1,1.000,.250,0,0,0,1,0,1,0,1,0,1,0,2,2e7e290a-bac0-4f78-91b3-9080494fbb70
398,Pascal Siakam,PF,26,TOR,56,56,2006,437,961,.455,73,246,.297,364,715,.509,.493,249,301,.827,95,310,405,250,64,37,130,174,1196,48a83890-c736-4849-a378-dad562f054d2
399,Chris Silva,PF,24,TOT,15,0,92,10,16,.625,1,1,1.000,9,15,.600,.656,11,15,.733,7,20,27,6,1,6,10,24,32,e73f0cf1-af6f-4756-bee0-db42119c19f4
400,Ben Simmons,PG,24,PHI,58,58,1877,325,583,.557,3,10,.300,322,573,.562,.560,176,287,.613,93,324,417,401,93,35,173,171,829,4b1b4553-967e-437e-b7ed-8d781973ff59
401,Anfernee Simons,SG,21,POR,64,0,1104,168,401,.419,120,282,.426,48,119,.403,.569,46,57,.807,14,126,140,89,18,8,43,96,502,8f004299-a3d7-4022-b5f5-3a82e55e53fe
402,Deividas Sirvydis,SG,20,DET,20,0,133,14,40,.350,10,28,.357,4,12,.333,.475,3,6,.500,0,29,29,5,2,0,5,9,41,34186436-7164-47a4-bef3-91a977dce8d3
403,Marcus Smart,PG,26,BOS,48,45,1581,203,510,.398,93,282,.330,110,228,.482,.489,128,162,.790,36,131,167,273,72,23,96,126,627,9abbdd9a-0a8f-4962-a28d-5eaebbfd0557
404,Jalen Smith,PF,20,PHO,27,1,156,22,50,.440,4,17,.235,18,33,.545,.480,5,7,.714,7,30,37,4,1,5,7,16,53,d22ce1b0-867f-4994-bb40-89521a2e2b89
405,Tony Snell,SG,29,ATL,47,23,992,88,171,.515,62,109,.569,26,62,.419,.696,11,11,1.000,18,94,112,59,13,11,21,75,249,0b5271a7-15a6-4212-91cb-24287903cf7e
406,Cassius Stanley,SG,21,IND,24,0,93,13,43,.302,3,13,.231,10,30,.333,.337,7,9,.778,8,12,20,1,1,2,1,14,36,f7c4305a-b297-4e82-978e-cf7138c9aedd
407,Lamar Stevens,PF,23,CLE,40,0,499,62,136,.456,4,25,.160,58,111,.523,.471,37,51,.725,24,72,96,25,17,13,23,53,165,4cedb812-171b-470a-b207-3bd53bf1d993
408,Isaiah Stewart,C,19,DET,68,14,1455,226,409,.553,21,63,.333,205,346,.592,.578,64,92,.696,159,294,453,59,39,86,67,184,537,7b4b8425-0251-48f4-8128-a5434a7952b2
409,Max Strus,SF,24,MIA,39,0,507,85,187,.455,50,148,.338,35,39,.897,.588,16,24,.667,5,36,41,24,11,2,8,43,236,4cf3a3f0-7796-4d6a-b66e-619b622b2764
410,Edmond Sumner,SG,25,IND,53,24,861,148,282,.525,35,88,.398,113,194,.582,.587,68,83,.819,18,76,94,49,33,10,51,88,399,55a34648-1cd3-4cd8-899d-67ce51383c2f
411,Jae'Sean Tate,SF,25,HOU,70,58,2043,316,625,.506,60,195,.308,256,430,.595,.554,102,147,.694,132,242,374,178,85,36,98,222,794,7585fbac-f8d6-4e63-82be-6cd1fe5e78a2
412,Jayson Tatum,SF,22,BOS,64,64,2290,605,1318,.459,187,485,.386,418,833,.502,.530,295,340,.868,50,422,472,276,75,31,171,122,1692,781822eb-eaba-4292-a247-34b65bec6c08
413,Jeff Teague,PG,32,TOT,55,7,950,123,284,.433,36,82,.439,87,202,.431,.496,89,105,.848,15,73,88,132,34,12,64,56,371,0e88fd4c-4c79-49bd-b66a-32962978dc20
414,Garrett Temple,SG,34,CHI,56,25,1528,158,381,.415,67,200,.335,91,181,.503,.503,40,50,.800,29,131,160,124,43,30,58,126,423,a8d75128-8bc1-4ee0-bf21-59fc9cbf0242
415,Tyrell Terry,PG,20,DAL,11,0,56,5,16,.313,0,7,.000,5,9,.556,.313,1,3,.333,0,6,6,6,5,0,2,2,11,a4d02546-5ab8-489d-a91c-c22b94b6fdb0
416,Daniel Theis,C,28,TOT,65,51,1601,252,466,.541,49,152,.322,203,314,.646,.593,74,110,.673,93,263,356,108,41,57,66,167,627,1378896a-c798-4381-bda9-059362964b1e
417,Brodric Thomas,SG,24,TOT,32,1,399,39,108,.361,16,59,.271,23,49,.469,.435,31,46,.674,8,45,53,30,15,10,22,40,125,8544e146-3b7a-4efa-9472-5b0b7c938fd7
418,Isaiah Thomas,PG,31,NOP,3,0,48,9,27,.333,3,12,.250,6,15,.400,.389,2,2,1.000,1,3,4,5,1,0,6,3,23,d58940dd-f169-4591-a37a-958b80403a19
419,Khyri Thomas,SG,24,HOU,5,2,153,32,66,.485,9,27,.333,23,39,.590,.553,9,9,1.000,7,11,18,25,9,6,6,8,82,741e45d0-cc17-41d1-9fb7-e3146df46cd8
420,Matt Thomas,SG,26,TOT,45,0,326,50,127,.394,27,80,.338,23,47,.489,.500,12,14,.857,7,37,44,19,4,0,14,18,139,cdeb1805-7869-4bf1-96b9-413f6c6357c0
421,Tristan Thompson,PF,29,BOS,54,43,1287,169,326,.518,0,3,.000,169,323,.523,.518,71,120,.592,169,270,439,67,24,33,62,119,409,8924bcf0-5189-47c0-8cd6-94fb2bfbd875
422,Sindarius Thornwell,SG,26,TOT,21,1,217,15,46,.326,7,23,.304,8,23,.348,.402,4,8,.500,3,15,18,21,13,2,7,15,41,485f03ac-4a4a-4a17-b79d-34eb8c054c11
423,Matisse Thybulle,SG,23,PHI,65,8,1298,102,243,.420,43,143,.301,59,100,.590,.508,8,18,.444,30,94,124,63,105,71,32,127,255,155343f7-a49e-448c-9b5c-f8b5098dbfde
424,Killian Tillie,C,22,MEM,18,1,182,19,57,.333,10,33,.303,9,24,.375,.421,9,11,.818,6,18,24,8,5,8,2,20,57,90e3152f-6e94-4f39-b48b-580c718ee728
425,Anthony Tolliver,PF,35,PHI,11,0,99,4,17,.235,4,14,.286,0,3,.000,.353,5,6,.833,3,7,10,2,3,2,3,7,17,1a637e77-beea-4cf9-bcbf-c3161317210f
426,Obi Toppin,PF,22,NYK,62,0,683,104,209,.498,26,85,.306,78,124,.629,.560,19,26,.731,26,112,138,29,17,15,23,55,253,0833e4a1-4976-49ac-b9f8-3695b4e4be0d
427,Juan Toscano-Anderson,SG,27,GSW,53,16,1107,121,209,.579,37,92,.402,84,117,.718,.667,22,31,.710,29,205,234,150,41,26,61,111,301,2748b41e-5778-4c5b-aab2-736a9bec566d
428,Axel Toupane,SF,28,MIL,8,1,61,4,11,.364,1,2,.500,3,9,.333,.409,5,7,.714,0,6,6,4,2,3,0,6,14,3260765e-3acc-406c-81bd-a19d4ffab5d0
429,Karl-Anthony Towns,C,25,MIN,50,50,1689,425,875,.486,122,315,.387,303,560,.541,.555,267,311,.859,133,396,529,225,39,57,160,186,1239,06f4fe8d-077b-4b79-9bc9-8e53408974d7
430,Rayjon Tucker,PG,23,PHI,14,0,68,9,18,.500,2,7,.286,7,11,.636,.556,14,19,.737,1,10,11,6,2,0,4,8,34,31e42a59-3a01-4b65-a478-f02895534bd3
431,Myles Turner,C,24,IND,47,47,1455,206,432,.477,69,206,.335,137,226,.606,.557,111,142,.782,63,243,306,48,40,159,67,165,592,edec894a-4c96-48d4-9a99-888426ba9fa1
432,Denzel Valentine,SG,27,CHI,62,3,1036,155,416,.373,80,242,.331,75,174,.431,.469,16,17,.941,24,173,197,105,30,7,42,70,406,e53a3da9-42a0-4e36-9476-720745e418bb
433,Jarred Vanderbilt,PF,21,MIN,64,30,1139,143,236,.606,1,5,.200,142,231,.615,.608,57,102,.559,118,250,368,76,64,46,53,123,344,da886e28-1cd5-4d5e-85d7-1eec8aba0234
434,Fred VanVleet,SG,26,TOR,52,52,1899,338,870,.389,174,476,.366,164,394,.416,.489,169,191,.885,32,188,220,328,87,37,95,119,1019,6d77ad54-bd07-4538-bfbc-e4a413a95b71
435,Devin Vassell,SF,20,SAS,62,7,1056,123,303,.406,52,150,.347,71,153,.464,.492,43,51,.843,24,150,174,56,43,18,22,88,341,d621e248-c5e4-4339-a6e3-97e6946aae04
436,Gabe Vincent,PG,24,MIA,50,7,655,88,233,.378,46,149,.309,42,84,.500,.476,20,23,.870,10,46,56,67,21,2,34,79,242,1338b539-03ca-493b-84c4-0b8d73512708
437,Noah Vonleh,C,25,BRK,4,0,11,0,3,.000,0,2,.000,0,1,.000,.000,0,0,0,0,1,1,1,0,0,2,2,0,d584de21-b997-48c5-af63-3d5ecf91900c
438,Dean Wade,PF,24,CLE,63,19,1212,134,311,.431,78,213,.366,56,98,.571,.556,30,39,.769,38,177,215,74,35,21,30,78,376,6499f724-c4ef-4742-b5b8-bd85dd229a68
439,Moritz Wagner,C,23,TOT,45,24,722,104,229,.454,31,91,.341,73,138,.529,.522,71,87,.816,27,119,146,50,26,18,43,108,310,dea55add-7a96-42c1-969c-00ea3e055f0a
440,Kemba Walker,PG,30,BOS,43,43,1369,284,676,.420,127,353,.360,157,323,.486,.514,134,149,.899,16,154,170,212,48,12,88,61,829,a127a7cd-af4b-435f-a90a-1b176e187d5b
441,John Wall,PG,30,HOU,40,40,1288,293,726,.404,79,249,.317,214,477,.449,.458,158,211,.749,17,112,129,275,42,31,141,46,823,068c66d2-3a05-48a8-93f3-b45e53b5f410
442,Brad Wanamaker,PG,31,TOT,61,0,1053,115,299,.385,16,85,.188,99,214,.463,.411,90,101,.891,18,87,105,174,43,11,71,94,336,30cd5035-6e50-4dba-8051-69c2129418ae
443,Yuta Watanabe,SF,26,TOR,50,4,723,79,180,.439,36,90,.400,43,90,.478,.539,24,29,.828,36,123,159,40,26,19,19,57,218,d7f52959-fe08-4b64-816a-b168cd7c1e22
444,Tremont Waters,PG,23,BOS,26,3,238,34,84,.405,15,38,.395,19,46,.413,.494,16,17,.941,5,16,21,62,15,1,27,17,99,9f7a654a-97e6-42a4-b558-d57e00639abc
445,Paul Watson,SF,26,TOR,27,2,297,38,82,.463,30,64,.469,8,18,.444,.646,5,8,.625,4,41,45,17,6,3,9,36,111,1c39334a-073e-4af5-8ff6-97cc57ceb3df
446,Quinndary Weatherspoon,SG,24,SAS,20,0,121,16,35,.457,1,6,.167,15,29,.517,.471,13,16,.813,3,8,11,8,8,2,10,18,46,2e85f52a-9d47-403c-90b5-c1d5d1d65b92
447,Russell Westbrook,PG,32,WAS,65,65,2369,544,1238,.439,86,273,.315,458,965,.475,.474,271,413,.656,109,641,750,763,89,23,312,190,1445,1dc36313-c835-4a5d-b3f4-2cc5ba66d82e
448,Coby White,PG,20,CHI,69,54,2156,375,902,.416,163,454,.359,212,448,.473,.506,128,142,.901,28,256,284,328,38,15,156,179,1041,2c38438d-ba7a-45fe-8c03-6eedf64b0f97
449,Derrick White,SG,26,SAS,36,32,1064,186,453,.411,84,243,.346,102,210,.486,.503,97,114,.851,13,94,107,127,26,36,45,91,553,eea4df10-d4a5-45d1-93de-8e6b2ef47895
450,Hassan Whiteside,C,31,SAC,36,4,546,126,224,.563,0,1,.000,126,223,.565,.563,41,79,.519,61,154,215,20,9,46,40,73,293,fecc4b80-2706-4c8f-864e-44b1d6a48aac
451,Greg Whittington,PF,27,DEN,4,0,12,0,3,.000,0,2,.000,0,1,.000,.000,0,0,0,0,0,0,0,0,0,0,0,0,b2e76823-9f07-4b5b-8e28-a4e6f744eda0
452,Andrew Wiggins,PF,25,GSW,71,71,2364,505,1058,.477,140,368,.380,365,690,.529,.543,170,238,.714,82,265,347,167,67,70,126,159,1320,cdf4af39-bbc9-40a2-b6e6-26f64d9a581b
453,Grant Williams,PF,22,BOS,63,9,1138,108,247,.437,48,129,.372,60,118,.508,.534,30,51,.588,48,130,178,64,32,24,56,161,294,366b7266-887a-44d0-92c9-4a06f218d03d
454,Kenrich Williams,PF,26,OKC,66,13,1426,219,411,.533,52,117,.444,167,294,.568,.596,36,63,.571,84,189,273,152,55,17,76,143,526,b531fe60-019c-41e2-893b-4e8aa1af87a2
455,Patrick Williams,PF,19,CHI,71,71,1983,255,528,.483,54,138,.391,201,390,.515,.534,91,125,.728,66,261,327,99,64,46,98,126,655,cc021bbb-358d-406f-a2d0-938dedc85a3f
456,Robert Williams,C,23,BOS,52,13,985,186,258,.721,0,2,.000,186,256,.727,.721,45,73,.616,133,225,358,94,43,91,52,105,417,6dc5fdc5-1c31-4358-b0eb-6a98d54a4339
457,Zion Williamson,PF,20,NOP,61,61,2026,634,1037,.611,10,34,.294,624,1003,.622,.616,369,529,.698,167,274,441,226,57,39,167,135,1647,fb3c50ee-40e8-42e8-b82a-5dc8f32706f3
458,Dylan Windler,SF,24,CLE,31,0,513,57,130,.438,26,77,.338,31,53,.585,.538,21,27,.778,20,87,107,33,19,12,32,37,161,408f9ae9-e470-4a5c-b17d-8e6d6c76cab9
459,Justise Winslow,SF,24,MEM,26,1,507,74,210,.352,10,54,.185,64,156,.410,.376,20,35,.571,18,100,118,50,15,12,37,47,178,45fac82e-bc33-42f0-b47b-09a7e4e5dc7e
460,Cassius Winston,PG,22,WAS,22,0,98,14,33,.424,8,17,.471,6,16,.375,.545,5,6,.833,0,9,9,12,2,1,5,8,41,41f1ba40-b8b1-4612-aabd-3be854fad696
461,James Wiseman,C,19,GSW,39,27,836,191,368,.519,12,38,.316,179,330,.542,.535,54,86,.628,55,171,226,26,11,36,60,121,448,24836ecb-9598-4bf6-96c5-b9a44fbd8bda
462,Christian Wood,C,25,HOU,41,41,1326,329,640,.514,77,206,.374,252,434,.581,.574,125,198,.631,76,319,395,71,34,48,80,88,860,3adc9854-21fc-4f1a-a21b-10a03325c4c7
463,Delon Wright,SG-PG,28,TOT,63,39,1748,240,518,.463,64,172,.372,176,346,.509,.525,101,126,.802,65,204,269,278,101,30,83,75,645,c704d1df-98d3-4197-8fb7-3df3ae980ce0
464,Thaddeus Young,PF,32,CHI,68,23,1652,370,662,.559,12,45,.267,358,617,.580,.568,71,113,.628,168,255,423,291,74,40,137,152,823,533ca18b-3cf2-4380-89bf-ea331753c585
465,Trae Young,PG,22,ATL,63,63,2125,487,1112,.438,136,397,.343,351,715,.491,.499,484,546,.886,38,207,245,594,53,12,261,111,1594,4567c890-b16c-40e3-a31d-30a2614a7ed0
466,Cody Zeller,C,28,CHO,48,21,1005,181,324,.559,4,28,.143,177,296,.598,.565,85,119,.714,119,209,328,86,27,17,51,121,451,593ab841-2293-44bd-aabe-fa8596fbfeb4
467,Ivica Zubac,C,23,LAC,72,33,1609,257,394,.652,1,4,.250,256,390,.656,.654,135,171,.789,189,330,519,90,24,62,81,187,650,336b75a2-39f8-4300-99a7-a50887820cd1
